PdmarticleID;ExternalKey;ParentID;ProductLevel;show_in_2024
23806;IESAA00727000;20182;Item;yes
23804;IESAA00726800;20182;Item;yes
23809;IESAA00729000;20182;Item;yes
23055;IESEB00301000;20184;Item;yes
23056;IESEB00302000;20185;Item;yes
23846;IESAA00713200;12531;Item;yes
23869;IESAA00716200;12531;Item;yes
23819;IESAA00718200;15891;Item;yes
23848;IESAA00714200;15891;Item;yes
23800;IESAA00720000;15899;Item;yes
23827;IESAA00602000;15904;Item;yes
23828;IESAA00605000;15904;Item;yes
23829;IESAA00610000;15906;Item;yes
23070;IESUL00710000;15909;Item;yes
23071;IESUL00991000;15910;Item;yes
29303;IESAA00731000;15911;Item;yes
23816;IESAA00750000;15912;Item;yes
23817;IESAA00770000;15912;Item;yes
30062;ISAAB11800000;15918;Item;yes
31671;ISAAB12800000;15921;Item;yes
22615;ISALP11700000;12536;Item;yes
22477;ISALP11500700;22175;Item;yes
22566;ISAAP11800000;15922;Item;yes
22567;ISAAP11800699;22178;Item;yes
22582;ISABB03700600;22184;Item;yes
22583;ISABB04700600;22184;Item;yes
22581;ISABB02500600;22183;Item;yes
32747;ISABB01500600;22183;Item;yes
22577;ISABA02700600;22182;Item;yes
22578;ISABA03700600;22182;Item;yes
32086;ISABA04700600;22182;Item;yes
32745;ISABA01700600;22182;Item;yes
22584;ISABP01500600;22186;Item;yes
22585;ISABP02500600;22186;Item;yes
32824;ISABP04700600;22189;Item;yes
22470;ISABP03700600;22189;Item;yes
22474;ISABP05700600;22189;Item;yes
32753;ISARA02700000;32766;Item;yes
32755;ISARA03700000;32766;Item;yes
32757;ISARA04700000;32766;Item;yes
32759;ISARA05700000;32766;Item;yes
32754;ISARA02700600;32767;Item;yes
32756;ISARA03700600;32767;Item;yes
32758;ISARA04700600;32767;Item;yes
32760;ISARA05700600;32767;Item;yes
30061;ISAGR02700000;31849;Item;yes
32087;ISAGR03700000;31849;Item;yes
32751;ISAGR04700000;31849;Item;yes
32752;ISAGR05700000;31849;Item;yes
12572;IASA000013000;12538;Item;yes
12573;IASA000019000;12538;Item;yes
12576;IASA000025000;12538;Item;yes
28755;IASA000032000;12538;Item;yes
12584;IAPPCUB025030;12574;Item;yes
12585;IAPPCUB033037;12574;Item;yes
12586;IAPPCUB038041;12574;Item;yes
12587;IAPPCUB042046;12574;Item;yes
12588;IAPPCUB047052;12574;Item;yes
12589;IAPPCUB054058;12574;Item;yes
12590;IAPPCUB059063;12574;Item;yes
12591;IAPPCUB063068;12574;Item;yes
12592;IAPPCUB068073;12574;Item;yes
12593;IAPPCUB072080;12574;Item;yes
12594;IAPPCUB082085;12574;Item;yes
12595;IAPPCUB088092;12574;Item;yes
12596;IAPPCUB092099;12574;Item;yes
12597;IAPPCUB099103;12574;Item;yes
12598;IAPPCUB108112;12574;Item;yes
12599;IAPPCUB112118;12574;Item;yes
12600;IAPPCUB125130;12574;Item;yes
12601;IAPPCUB133137;12574;Item;yes
12602;IAPPCUB137142;12574;Item;yes
12603;IAPPCUB145152;12574;Item;yes
12604;IAPPCUB159164;12574;Item;yes
12605;IAPPCUB164169;12574;Item;yes
12606;IAPPCUB168173;12574;Item;yes
12607;IAPPCUB190000;12574;Item;yes
12608;IAPPCUB199000;12574;Item;yes
12609;IAPPCUB206000;12574;Item;yes
12610;IAPPCUB222000;12574;Item;yes
12611;IAPPCUB231000;12574;Item;yes
12612;IAPPCUB249000;12574;Item;yes
12613;IAPPCUB259000;12574;Item;yes
12767;IAFMC10400000;24265;Item;yes
12793;IAFMC13400000;24265;Item;yes
12811;IAFMC16400000;24265;Item;yes
12813;IAFMC19400000;24265;Item;yes
12826;IAFMC25400000;24265;Item;yes
12832;IAFMC32400000;24265;Item;yes
12895;IAFMC10400600;12838;Item;yes
12950;IAFMC13400600;12838;Item;yes
12973;IAFMC19400600;12838;Item;yes
12986;IAFMC25400600;12838;Item;yes
12988;IAFMC32400600;12838;Item;yes
12764;IAFMC06500000;12736;Item;yes
12791;IAFMC10500000;12736;Item;yes
12812;IAFMC16500000;12736;Item;yes
12833;IAFMC32500000;12736;Item;yes
12835;IAFMC36500000;12736;Item;yes
12840;IAFMC50500000;12736;Item;yes
24495;IAFMC03500000;12736;Item;yes
28096;IAFMC13500000;12736;Item;yes
28097;IAFMC19500000;12736;Item;yes
28435;IAFMC25500000;12736;Item;yes
12845;IAFMC03500600;12837;Item;yes
12846;IAFMC06500600;12837;Item;yes
12848;IAFMC10500600;12837;Item;yes
12851;IAFMC13500600;12837;Item;yes
12853;IAFMC16500600;12837;Item;yes
12855;IAFMC19500600;12837;Item;yes
12858;IAFMC25500600;12837;Item;yes
12860;IAFMC32500600;12837;Item;yes
12862;IAFMC50500600;12837;Item;yes
13038;IAFMC00901000;12989;Item;yes
28437;IAFMC00900000;12989;Item;yes
12896;IAFMC10510600;33074;Item;yes
12952;IAFMC13510600;33074;Item;yes
12974;IAFMC19510600;33074;Item;yes
30802;IAFEV19400000;27954;Item;yes
30809;IAFEV13400000;27954;Item;yes
30810;IAFEV10400000;27954;Item;yes
30823;IAFEV25400000;27954;Item;yes
30840;IAFEV32400000;27954;Item;yes
31753;IAFEV16400000;27954;Item;yes
30803;IAFEV19400600;20069;Item;yes
30812;IAFEV10400600;20069;Item;yes
30814;IAFEV13400600;20069;Item;yes
30820;IAFEV32400600;20069;Item;yes
30830;IAFEV25400600;20069;Item;yes
30794;IAFEV03500000;20070;Item;yes
30799;IAFEV06500000;20070;Item;yes
30813;IAFEV16500000;20070;Item;yes
30816;IAFEV10500000;20070;Item;yes
30825;IAFEV50500000;20070;Item;yes
30831;IAFEV25500000;20070;Item;yes
30838;IAFEV32500000;20070;Item;yes
31752;IAFEV13500000;20070;Item;yes
33392;IAFEV19500009;20070;Item;yes
30795;IAFEV03500600;20071;Item;yes
30800;IAFEV06500600;20071;Item;yes
30801;IAFEV13500600;20071;Item;yes
30805;IAFEV16500600;20071;Item;yes
30817;IAFEV10500600;20071;Item;yes
30824;IAFEV25500600;20071;Item;yes
30828;IAFEV32500600;20071;Item;yes
33393;IAFEV19500609;20071;Item;yes
30785;IAFEV00900000;17662;Item;yes
30786;IAFEV00900008;17662;Item;yes
31751;IAFEV00901000;33075;Item;yes
29330;IHTCA10500000;20056;Item;yes
29332;IHTCA13500000;20056;Item;yes
29341;IHTCA19500000;20056;Item;yes
29350;IHTCA25500000;20056;Item;yes
29352;IHTCA32500000;20056;Item;yes
27101;IHTCA00900000;24374;Item;yes
27087;IESIA00900823;24381;Item;yes
27093;IESIA00900923;24382;Item;yes
24862;IACEA06500000;20078;Item;yes
24883;IACEA09500000;20078;Item;yes
24906;IACEA13500000;20078;Item;yes
24909;IACEA32500000;20078;Item;yes
24917;IACEA19500000;20078;Item;yes
24929;IACEA25500000;20078;Item;yes
24940;IACEA50500000;20078;Item;yes
24941;IACEA40500000;20078;Item;yes
24868;IACEA06500600;20079;Item;yes
24885;IACEA09500600;20079;Item;yes
24907;IACEA13500600;20079;Item;yes
24930;IACEA25500600;20079;Item;yes
24936;IACEA19500600;20079;Item;yes
24938;IACEA32500600;20079;Item;yes
24939;IACEA40500600;20079;Item;yes
24942;IACEA50500600;20079;Item;yes
30676;IACEA00900000;25132;Item;yes
30674;IACEP06500020;25133;Item;yes
30678;IACEP09500020;25133;Item;yes
30681;IACEP13500020;25133;Item;yes
30684;IACEP25500020;25133;Item;yes
30685;IACEP19500020;25133;Item;yes
30689;IACEP32500020;25133;Item;yes
30695;IACEP40500020;25133;Item;yes
31746;IACEP50500020;25133;Item;yes
48226;IACEP06500000;25133;Item;yes
48263;IACEP09500000;25133;Item;yes
48304;IACEP13500000;25133;Item;yes
48350;IACEP19500000;25133;Item;yes
48392;IACEP25500000;25133;Item;yes
48460;IACEP32500000;25133;Item;yes
48478;IACEP40500000;25133;Item;yes
48480;IACEP50500000;25133;Item;yes
30677;IACEP06500620;25134;Item;yes
30679;IACEP25500620;25134;Item;yes
30683;IACEP19500620;25134;Item;yes
30690;IACEP40500620;25134;Item;yes
30692;IACEP32500620;25134;Item;yes
31744;IACEP09500620;25134;Item;yes
31745;IACEP13500620;25134;Item;yes
48227;IACEP06500600;25134;Item;yes
48264;IACEP09500600;25134;Item;yes
48305;IACEP13500600;25134;Item;yes
48351;IACEP19500600;25134;Item;yes
48393;IACEP25500600;25134;Item;yes
48461;IACEP32500600;25134;Item;yes
48479;IACEP40500600;25134;Item;yes
28303;IULDB13500000;21368;Item;yes
28327;IULDB25500000;21368;Item;yes
27589;IULDB09500000;21368;Item;yes
30500;IULDB06500000;21368;Item;yes
30501;IULDB32500000;21368;Item;yes
27552;IULDB06500600;21369;Item;yes
27586;IULDB09500600;21369;Item;yes
27621;IULDB13500600;21369;Item;yes
27656;IULDB25500600;21369;Item;yes
28320;IULDB00900000;21370;Item;yes
31604;IRASD03500000;17761;Item;yes
31606;IRASD06500000;17761;Item;yes
31632;IRASD09500000;17761;Item;yes
31635;IRASD13500000;17761;Item;yes
31639;IRASD25500000;17761;Item;yes
31640;IRASD19500000;17761;Item;yes
30752;IRASD19500600;17769;Item;yes
31610;IRASD06500600;17769;Item;yes
31614;IRASD03500600;17769;Item;yes
31622;IRASD09500600;17769;Item;yes
31631;IRASD13500600;17769;Item;yes
31637;IRASD25500600;17769;Item;yes
31601;IRASD00900000;17777;Item;yes
31605;IRASC19700600;17794;Item;yes
31608;IRASC09700600;17794;Item;yes
31609;IRASC06700600;17794;Item;yes
31613;IRASC13700600;17794;Item;yes
31831;IRASC25700600;17794;Item;yes
33236;IRASC03700600;17794;Item;yes
31650;IRAZH03500000;17801;Item;yes
31656;IRAZH06500000;17801;Item;yes
31666;IRAZH13500000;17801;Item;yes
31674;IRAZH10500000;17801;Item;yes
31646;IRAZH06500600;17808;Item;yes
31648;IRAZH03500600;17808;Item;yes
31675;IRAZH13500600;17808;Item;yes
31677;IRAZH10500600;17808;Item;yes
31652;IRAZH00900000;17811;Item;yes
31649;IRAZC06700600;17817;Item;yes
31653;IRAZC13700600;17817;Item;yes
31655;IRAZC25700600;17817;Item;yes
31658;IRAZC10700600;17817;Item;yes
31836;IRAZC19700600;17817;Item;yes
23212;INHAA19500600;17955;Item;yes
27410;ISHAA10400000;24402;Item;yes
27416;ISHAA20400000;24402;Item;yes
31670;ISHAA00900000;24403;Item;yes
31234;IESAA00900005;24404;Item;yes
22248;IAXPR16006000;18463;Item;yes
22249;IAXPR16008000;18463;Item;yes
22250;IAXPR19010000;18463;Item;yes
22251;IAXPR19012000;18463;Item;yes
22252;IAXPR19015000;18463;Item;yes
22253;IAXPR20016000;18463;Item;yes
22255;IAXPR20018000;18463;Item;yes
22256;IAXPR20020000;18463;Item;yes
22257;IAXPR20022000;18463;Item;yes
22258;IAXPR20025000;18463;Item;yes
22259;IAXPR25028000;18463;Item;yes
22260;IAXPR25032000;18463;Item;yes
22261;IAXPR25035000;18463;Item;yes
22262;IAXPR25040000;18463;Item;yes
22263;IAXPR25042000;18463;Item;yes
22264;IAXPR25048000;18463;Item;yes
22265;IAXPR25050000;18463;Item;yes
22266;IAXPR25054000;18463;Item;yes
22267;IAXPR25060000;18463;Item;yes
22268;IAXPR25063000;18463;Item;yes
22269;IAXPR25076000;18463;Item;yes
22270;IAXPR25089000;18463;Item;yes
22247;IAXPR13500000;21439;Item;yes
27089;IESSO06025000;24333;Item;yes
27091;IESSO04020000;24333;Item;yes
27092;IESSO06020000;24333;Item;yes
27094;IESSO04025000;24333;Item;yes
27096;IESSO04016000;24333;Item;yes
27099;IESSO06016000;24333;Item;yes
27095;IESSO08018000;24335;Item;yes
27103;IESSO08015000;24335;Item;yes
27098;IESSO08025000;24336;Item;yes
27100;IESSO08016000;24336;Item;yes
27106;IESSO08020000;24336;Item;yes
27109;IESSO09016000;24336;Item;yes
27123;IESSO09020000;24336;Item;yes
24514;IADEA09600000;21443;Item;yes
24517;IADEA13600000;21443;Item;yes
24520;IADEA25600000;21443;Item;yes
24524;IADEA19600000;21443;Item;yes
24516;IADEA19600600;21444;Item;yes
24518;IADEA13600600;21444;Item;yes
24521;IADEA09600600;21444;Item;yes
24523;IADEA25600600;21444;Item;yes
30793;IADEA32600600;21444;Item;yes
23284;IADEL13600000;21445;Item;yes
23280;IADEL19600000;21445;Item;yes
23276;IADEL25600000;21445;Item;yes
23287;IADEL09600000;21445;Item;yes
23315;IADEL32600000;21445;Item;yes
23279;IADEL19600600;21446;Item;yes
23275;IADEL25600600;21446;Item;yes
23285;IADEL13500600;21446;Item;yes
23281;IADEL19500600;21446;Item;yes
23286;IADEL09600600;21446;Item;yes
23283;IADEL13600600;21446;Item;yes
23298;IADEL09500600;21446;Item;yes
23314;IADEL32500600;21446;Item;yes
23316;IADEL32600600;21446;Item;yes
24479;IADBA13600000;24129;Item;yes
24480;IADBA19600000;24129;Item;yes
24485;IADBA09600000;24129;Item;yes
28081;IADBA32600000;24129;Item;yes
28086;IADBA25600000;24129;Item;yes
23039;IADBA32600600;21447;Item;yes
23040;IADBA25600600;21447;Item;yes
23041;IADBA19600600;21447;Item;yes
23042;IADBA13600600;21447;Item;yes
23043;IADBA09600600;21447;Item;yes
28088;IADBL40500000;24130;Item;yes
28090;IADBL32500000;24130;Item;yes
29740;INHSM06500000;20840;Item;yes
29757;INHSM10500000;20840;Item;yes
29786;INHSM19500000;20840;Item;yes
29798;INHSM25500000;20840;Item;yes
29834;INHSM32500000;20840;Item;yes
30587;INHSM13500000;20840;Item;yes
29735;INHSM06500600;20841;Item;yes
29756;INHSM10500600;20841;Item;yes
29762;INHSM13500600;20841;Item;yes
29795;INHSM19500600;20841;Item;yes
29821;INHSM32500600;20841;Item;yes
30590;INHSM25500600;20841;Item;yes
30495;INHSM00900000;20842;Item;yes
30028;IPSTC00000000;20510;Item;yes
20600;ITDAR00900050;20506;Item;yes
20601;ITDAR00900100;20506;Item;yes
31660;ITARW00900050;20507;Item;yes
21742;ISFCTZ0060000;20538;Item;yes
21744;ISFCTZ0100000;20538;Item;yes
21745;ISFCTZ0120000;20538;Item;yes
21746;ISFCTZ0160000;20538;Item;yes
21747;ISFCTZ0190000;20538;Item;yes
21752;ISFZ006020000;33020;Item;yes
21755;ISFZ010018000;33020;Item;yes
21758;ISFZ012016000;33020;Item;yes
21761;ISFZ016014000;33020;Item;yes
21764;ISFZ019012000;33020;Item;yes
21061;ITDAA00900051;20542;Item;yes
31586;IPRAC00000001;22365;Item;yes
31594;IPRAC00000000;22365;Item;yes
31832;IPRAF00000002;20191;Item;yes
31600;IPRAF00000000;20199;Item;yes
31602;IPRAF00000001;20199;Item;yes
22380;IPRCB06010000;22366;Item;yes
22381;IPRCB06020000;22366;Item;yes
22769;IPRCM00000000;20204;Item;yes
22770;IPRCTC0060000;20206;Item;yes
22771;IPRCTC0090000;20206;Item;yes
22772;IPRCTC0116000;20206;Item;yes
22773;IPRCTL0090000;20206;Item;yes
22774;IPRCTL0116000;20206;Item;yes
22775;IPRCTM0090000;20206;Item;yes
22776;IPRCTM0116000;20206;Item;yes
22777;IPRCTS0060000;20206;Item;yes
22778;IPRCTS0090000;20206;Item;yes
22779;IPRCTS0116000;20206;Item;yes
22223;IPRE100900000;20212;Item;yes
22224;IPRE200900000;20212;Item;yes
22325;IPRC100050000;20216;Item;yes
22326;IPRC100063000;20216;Item;yes
22327;IPRC100075000;20216;Item;yes
22328;IPRC100090000;20216;Item;yes
22329;IPRC100110000;20216;Item;yes
22330;IPRC100125000;20216;Item;yes
22331;IPRC100140000;20216;Item;yes
22332;IPRC100160000;20216;Item;yes
22202;IPRC200280000;20218;Item;yes
22203;IPRC200300000;20218;Item;yes
22204;IPRC200315000;20218;Item;yes
22205;IPRC200355000;20218;Item;yes
22206;IPRC200400000;20218;Item;yes
22333;IPRC200032000;20218;Item;yes
22334;IPRC200040000;20218;Item;yes
22335;IPRC200050000;20218;Item;yes
22336;IPRC200063000;20218;Item;yes
22337;IPRC200075000;20218;Item;yes
22338;IPRC200090000;20218;Item;yes
22339;IPRC200110000;20218;Item;yes
22340;IPRC200125000;20218;Item;yes
22341;IPRC200140000;20218;Item;yes
22342;IPRC200160000;20218;Item;yes
22343;IPRC200180000;20218;Item;yes
22344;IPRC200200000;20218;Item;yes
22345;IPRC200225000;20218;Item;yes
22346;IPRC200250000;20218;Item;yes
30020;IPRW100900000;20220;Item;yes
30026;IPRW200900000;20222;Item;yes
30029;IPRW300900000;20224;Item;yes
22393;IPRESGY000000;33049;Item;yes
32025;IASSH06240000;32823;Item;yes
32026;IASSH10240000;32823;Item;yes
32027;IASSH15240000;32823;Item;yes
32029;IASSH20240000;32823;Item;yes
32030;IASSH25240000;32823;Item;yes
22590;IASSH06240600;22414;Item;yes
22593;IASSH10240600;22414;Item;yes
22595;IASSH15240600;22414;Item;yes
22598;IASSH20240600;22414;Item;yes
22600;IASSH25240600;22414;Item;yes
32015;IASBE02250000;22372;Item;yes
32018;IASBE04250000;22372;Item;yes
32019;IASBE03250000;22372;Item;yes
13164;IASSH15120000;13118;Item;yes
13166;IASSH25120000;13118;Item;yes
22588;IASSH06120000;13118;Item;yes
22591;IASSH10120000;13118;Item;yes
22596;IASSH20120000;13118;Item;yes
22589;IASSH06120600;13119;Item;yes
22592;IASSH10120600;13119;Item;yes
22594;IASSH15120600;13119;Item;yes
22597;IASSH20120600;13119;Item;yes
22599;IASSH25120600;13119;Item;yes
23780;IESAA00391325;20088;Item;yes
23783;IESAA00391225;20088;Item;yes
12656;IAFSI13500000;24169;Item;yes
12657;IAFSI19500000;24169;Item;yes
12658;IAFSI25500000;24169;Item;yes
12659;IAFSI32500000;24169;Item;yes
30725;IACSI13500000;24169;Item;yes
30732;IACSI19500000;24169;Item;yes
30754;IACSI25500000;24169;Item;yes
30775;IACSI32500000;24169;Item;yes
30776;IACSI40500000;24169;Item;yes
30781;IACSI50500000;24169;Item;yes
12664;IAFSI13500600;12634;Item;yes
12665;IAFSI19500600;12634;Item;yes
12666;IAFSI25500600;12634;Item;yes
12667;IAFSI32500600;12634;Item;yes
23267;IACSI32500600;12634;Item;yes
23269;IACSI40500600;12634;Item;yes
23274;IACSI50500600;12634;Item;yes
30716;IACSI13500600;12634;Item;yes
30738;IACSI19500600;12634;Item;yes
30761;IACSI25500600;12634;Item;yes
12503;IESCH0B250000;12473;Item;yes
12484;IESCH0B040000;12473;Item;yes
12485;IESCH0B050000;12473;Item;yes
12486;IESCH0B060000;12473;Item;yes
12487;IESCH0B070000;12473;Item;yes
12488;IESCH0B080000;12473;Item;yes
12489;IESCH0B090000;12473;Item;yes
12490;IESCH0B100000;12473;Item;yes
12491;IESCH0B110000;12473;Item;yes
12492;IESCH0B120000;12473;Item;yes
12493;IESCH0B130000;12473;Item;yes
12494;IESCH0B140000;12473;Item;yes
12495;IESCH0B150000;12473;Item;yes
12496;IESCH0B160000;12473;Item;yes
12498;IESCH0B180000;12473;Item;yes
12499;IESCH0B200000;12473;Item;yes
12500;IESCH0B210000;12473;Item;yes
12501;IESCH0B220000;12473;Item;yes
12502;IESCH0B230000;12473;Item;yes
24464;IESCH0B300000;12473;Item;yes
24465;IESCH0B240000;12473;Item;yes
24466;IESCH0B310000;12473;Item;yes
24467;IESCH0B270000;12473;Item;yes
24469;IESCH0B290000;12473;Item;yes
24470;IESCH0B320000;12473;Item;yes
24471;IESCH0B380000;12473;Item;yes
24472;IESCH0B370000;12473;Item;yes
24473;IESCH0B330000;12473;Item;yes
24474;IESCH0B360000;12473;Item;yes
24475;IESCH0B350000;12473;Item;yes
24476;IESCH0B390000;12473;Item;yes
24477;IESCH0B340000;12473;Item;yes
23886;IESCH0B400000;12473;Item;yes
23887;IESCH0B280000;12473;Item;yes
23888;IESCH0B260000;12473;Item;yes
23936;IESCH0B190000;12473;Item;yes
23937;IESCH0B170000;12473;Item;yes
12505;IESCH0T052000;12479;Item;yes
12506;IESCH0T057000;12479;Item;yes
12508;IESCH0T067000;12479;Item;yes
12509;IESCH0T073000;12479;Item;yes
12510;IESCH0T082000;12479;Item;yes
12511;IESCH0T088000;12479;Item;yes
12512;IESCH0T093000;12479;Item;yes
12513;IESCH0T100000;12479;Item;yes
12514;IESCH0T102000;12479;Item;yes
12515;IESCH0T108000;12479;Item;yes
12516;IESCH0T116000;12479;Item;yes
12517;IESCH0T120000;12479;Item;yes
12518;IESCH0T128000;12479;Item;yes
12520;IESCH0T136000;12479;Item;yes
12521;IESCH0T140000;12479;Item;yes
12522;IESCH0T149000;12479;Item;yes
12523;IESCH0T156000;12479;Item;yes
12524;IESCH0T169000;12479;Item;yes
12525;IESCH0T176000;12479;Item;yes
12526;IESCH0T189000;12479;Item;yes
12527;IESCH0T194000;12479;Item;yes
12528;IESCH0T214000;12479;Item;yes
12529;IESCH0T245000;12479;Item;yes
24491;IESCH0T182000;12479;Item;yes
23974;IESCH0T130000;12479;Item;yes
23985;IESCH0T061000;12479;Item;yes
12469;IESAA00396325;12457;Item;yes
12471;IESAA00396550;12457;Item;yes
12653;IAFMD25400000;12632;Item;yes
28433;IAFMD19400000;12632;Item;yes
28444;IAFMD13400000;12632;Item;yes
33039;IAFMD13700000;12632;Item;yes
33040;IAFMD19700000;12632;Item;yes
33046;IAFMD25700000;12632;Item;yes
24494;IESAA00390125;20150;Item;yes
39038;IESAA00390025;20150;Item;yes
24486;IESCH0R000097;24138;Item;yes
24490;IESAA00393290;24138;Item;yes
24489;IESAA00750100;24145;Item;yes
24515;IESAA00392050;24145;Item;yes
24522;IESAA00392125;24145;Item;yes
24525;IESAA00392020;24145;Item;yes
24509;IESAA00494290;24167;Item;yes
28348;IXBST02000000;33061;Item;yes
28245;IXBST00023000;24240;Item;yes
28337;IXBST00043000;24240;Item;yes
28340;IXBST00115000;24240;Item;yes
28342;IXBST00065000;24240;Item;yes
28343;IXBST00095000;24240;Item;yes
28344;IXBST00085000;24240;Item;yes
28347;IXBST00033000;24240;Item;yes
28353;IXBST00053000;24240;Item;yes
28356;IXBST03000000;24241;Item;yes
40078;IESWP10501000;36274;Item;yes
40079;IESWP07001000;36274;Item;yes
40080;IESWP50001000;36274;Item;yes
40081;IESWP75001000;36274;Item;yes
40082;IESWP25001000;36274;Item;yes
13174;IAPMC02012200;13173;Item;yes
13175;IAPMC02018200;13173;Item;yes
13183;IAPMC02035200;13173;Item;yes
13184;IAPMC02042200;13173;Item;yes
13185;IAPMC02048200;13173;Item;yes
13186;IAPMC02057200;13173;Item;yes
13187;IAPMC02060200;13173;Item;yes
13188;IAPMC02070200;13173;Item;yes
13189;IAPMC02076200;13173;Item;yes
13190;IAPMC02089200;13173;Item;yes
13177;IAPMC02028200;13173;Item;yes
13176;IAPMC02022200;13173;Item;yes
13191;IAPMC04012200;13178;Item;yes
13192;IAPMC04018200;13178;Item;yes
13193;IAPMC04022200;13178;Item;yes
13194;IAPMC04028200;13178;Item;yes
13195;IAPMC04035200;13178;Item;yes
13196;IAPMC04042200;13178;Item;yes
13197;IAPMC04048200;13178;Item;yes
13198;IAPMC04057200;13178;Item;yes
13199;IAPMC04060200;13178;Item;yes
13200;IAPMC04070200;13178;Item;yes
13201;IAPMC04076200;13178;Item;yes
13202;IAPMC04089200;13178;Item;yes
13203;IAPMC06018200;13179;Item;yes
13205;IAPMC06028200;13179;Item;yes
13206;IAPMC06035200;13179;Item;yes
13207;IAPMC06042200;13179;Item;yes
13208;IAPMC06048200;13179;Item;yes
13209;IAPMC06057200;13179;Item;yes
13210;IAPMC06060200;13179;Item;yes
13211;IAPMC06070200;13179;Item;yes
13212;IAPMC06076200;13179;Item;yes
13213;IAPMC06089200;13179;Item;yes
30854;IAPMC06022200;13179;Item;yes
13214;IAPMC02012000;13181;Item;yes
13215;IAPMC02018000;13181;Item;yes
13216;IAPMC02022000;13181;Item;yes
13217;IAPMC02028000;13181;Item;yes
13218;IAPMC02035000;13181;Item;yes
13219;IAPMC02042000;13181;Item;yes
13220;IAPMC02048000;13181;Item;yes
13221;IAPMC02057000;13181;Item;yes
13222;IAPMC02060000;13181;Item;yes
13223;IAPMC02070000;13181;Item;yes
13224;IAPMC02076000;13181;Item;yes
13225;IAPMC02089000;13181;Item;yes
13226;IAPMC02108000;13181;Item;yes
13227;IAPMC02114000;13181;Item;yes
13228;IAPMC02125000;13181;Item;yes
13229;IAPMC02140000;13181;Item;yes
13230;IAPMC02160000;13181;Item;yes
13231;IAPMC02168000;13181;Item;yes
13232;IAPMC04012000;13182;Item;yes
13234;IAPMC04018000;13182;Item;yes
13235;IAPMC04022000;13182;Item;yes
13236;IAPMC04028000;13182;Item;yes
13237;IAPMC04035000;13182;Item;yes
13238;IAPMC04042000;13182;Item;yes
13239;IAPMC04048000;13182;Item;yes
13240;IAPMC04057000;13182;Item;yes
13241;IAPMC04060000;13182;Item;yes
13242;IAPMC04070000;13182;Item;yes
13243;IAPMC04076000;13182;Item;yes
13244;IAPMC04089000;13182;Item;yes
13245;IAPMC04108000;13182;Item;yes
13246;IAPMC04114000;13182;Item;yes
13247;IAPMC04125000;13182;Item;yes
13248;IAPMC04140000;13182;Item;yes
13249;IAPMC04160000;13182;Item;yes
13250;IAPMC04168000;13182;Item;yes
13252;IAPMC04204000;13182;Item;yes
13253;IAPMC04219000;13182;Item;yes
13255;IAPMC04254000;13182;Item;yes
13256;IAPMC04273000;13182;Item;yes
13258;IAPMC04306000;13182;Item;yes
13259;IAPMC04324000;13182;Item;yes
13260;IAPMC04356000;13182;Item;yes
13261;IAPMC04406000;13182;Item;yes
13262;IAPMC04457000;13182;Item;yes
13263;IAPMC04508000;13182;Item;yes
13264;IAPMC04610000;13182;Item;yes
13266;IAPMC06018000;13233;Item;yes
13267;IAPMC06022000;13233;Item;yes
13268;IAPMC06028000;13233;Item;yes
13269;IAPMC06035000;13233;Item;yes
13270;IAPMC06042000;13233;Item;yes
13271;IAPMC06048000;13233;Item;yes
13272;IAPMC06057000;13233;Item;yes
13273;IAPMC06060000;13233;Item;yes
13274;IAPMC06070000;13233;Item;yes
13275;IAPMC06076000;13233;Item;yes
13276;IAPMC06089000;13233;Item;yes
13277;IAPMC06108000;13233;Item;yes
13278;IAPMC06114000;13233;Item;yes
13279;IAPMC06125000;13233;Item;yes
13280;IAPMC06140000;13233;Item;yes
13281;IAPMC06160000;13233;Item;yes
13282;IAPMC06168000;13233;Item;yes
13283;IAPMC06204000;13233;Item;yes
13288;IAPMC06219000;13233;Item;yes
13289;IAPMC06254000;13233;Item;yes
13290;IAPMC06273000;13233;Item;yes
13291;IAPMC06306000;13233;Item;yes
13292;IAPMC06324000;13233;Item;yes
13293;IAPMC06356000;13233;Item;yes
13294;IAPMC06406000;13233;Item;yes
13295;IAPMC06457000;13233;Item;yes
13296;IAPMC06508000;13233;Item;yes
32402;IAPMC06610000;13233;Item;yes
28472;IAPEC13012200;22681;Item;yes
28474;IAPEC13010200;22681;Item;yes
28479;IAPEC13015200;22681;Item;yes
28482;IAPEC13042200;22681;Item;yes
28484;IAPEC13022200;22681;Item;yes
28485;IAPEC13018200;22681;Item;yes
28486;IAPEC13028200;22681;Item;yes
28487;IAPEC13060200;22681;Item;yes
28490;IAPEC13048200;22681;Item;yes
28492;IAPEC13089200;22681;Item;yes
28507;IAPEC13064200;22681;Item;yes
28510;IAPEC13076200;22681;Item;yes
30508;IAPEC13035200;22681;Item;yes
30509;IAPEC13054200;22681;Item;yes
28505;IAPEC19015200;22682;Item;yes
28506;IAPEC19028200;22682;Item;yes
28508;IAPEC19012200;22682;Item;yes
28509;IAPEC19018200;22682;Item;yes
28511;IAPEC19010200;22682;Item;yes
28512;IAPEC19035200;22682;Item;yes
28513;IAPEC19054200;22682;Item;yes
28514;IAPEC19064200;22682;Item;yes
28515;IAPEC19060200;22682;Item;yes
28516;IAPEC19076200;22682;Item;yes
28517;IAPEC19048200;22682;Item;yes
28519;IAPEC19042200;22682;Item;yes
28522;IAPEC19089200;22682;Item;yes
28523;IAPEC19022200;22682;Item;yes
28521;IAPEC25015200;22683;Item;yes
28524;IAPEC25018200;22683;Item;yes
28525;IAPEC25022200;22683;Item;yes
28527;IAPEC25010200;22683;Item;yes
28529;IAPEC25076200;22683;Item;yes
28530;IAPEC25028200;22683;Item;yes
28531;IAPEC25054200;22683;Item;yes
28532;IAPEC25042200;22683;Item;yes
28533;IAPEC25089200;22683;Item;yes
28534;IAPEC25035200;22683;Item;yes
28535;IAPEC25048200;22683;Item;yes
28537;IAPEC25064200;22683;Item;yes
28538;IAPEC25012200;22683;Item;yes
28539;IAPEC25060200;22683;Item;yes
28536;IAPEC32010200;22684;Item;yes
28540;IAPEC32022200;22684;Item;yes
28541;IAPEC32015200;22684;Item;yes
28542;IAPEC32012200;22684;Item;yes
28543;IAPEC32048200;22684;Item;yes
28544;IAPEC32035200;22684;Item;yes
28545;IAPEC32060200;22684;Item;yes
28546;IAPEC32064200;22684;Item;yes
28547;IAPEC32054200;22684;Item;yes
28548;IAPEC32042200;22684;Item;yes
28550;IAPEC32028200;22684;Item;yes
28551;IAPEC32076200;22684;Item;yes
28552;IAPEC32089200;22684;Item;yes
30510;IAPEC32018200;22684;Item;yes
23833;IAPEC13006000;15938;Item;yes
23904;IAPEC13089000;15938;Item;yes
23905;IAPEC13102000;15938;Item;yes
23906;IAPEC13114000;15938;Item;yes
23945;IAPEC13140000;15938;Item;yes
23946;IAPEC13160000;15938;Item;yes
23947;IAPEC13168000;15938;Item;yes
23948;IAPEC13219000;15938;Item;yes
23954;IAPEC13273000;15938;Item;yes
23959;IAPEC13010000;15938;Item;yes
23964;IAPEC13028000;15938;Item;yes
23969;IAPEC13054000;15938;Item;yes
23955;IAPEC13324000;15938;Item;yes
23960;IAPEC13012000;15938;Item;yes
23965;IAPEC13032000;15938;Item;yes
23970;IAPEC13060000;15938;Item;yes
23961;IAPEC13015000;15938;Item;yes
23966;IAPEC13035000;15938;Item;yes
23971;IAPEC13064000;15938;Item;yes
23962;IAPEC13018000;15938;Item;yes
23967;IAPEC13042000;15938;Item;yes
23972;IAPEC13076000;15938;Item;yes
23963;IAPEC13022000;15938;Item;yes
23968;IAPEC13048000;15938;Item;yes
23408;IAPEC19324000;15939;Item;yes
23975;IAPEC19160000;15939;Item;yes
23980;IAPEC19102000;15939;Item;yes
23986;IAPEC19060000;15939;Item;yes
23991;IAPEC19035000;15939;Item;yes
24001;IAPEC19015000;15939;Item;yes
23976;IAPEC19140000;15939;Item;yes
23981;IAPEC19089000;15939;Item;yes
23987;IAPEC19054000;15939;Item;yes
23997;IAPEC19022000;15939;Item;yes
23956;IAPEC19006000;15939;Item;yes
23977;IAPEC19133000;15939;Item;yes
23982;IAPEC19076000;15939;Item;yes
23988;IAPEC19048000;15939;Item;yes
23993;IAPEC19032000;15939;Item;yes
24003;IAPEC19012000;15939;Item;yes
23957;IAPEC19010000;15939;Item;yes
23978;IAPEC19125000;15939;Item;yes
23989;IAPEC19042000;15939;Item;yes
23999;IAPEC19018000;15939;Item;yes
24004;IAPEC19219000;15939;Item;yes
23973;IAPEC19168000;15939;Item;yes
23979;IAPEC19114000;15939;Item;yes
23984;IAPEC19064000;15939;Item;yes
23995;IAPEC19028000;15939;Item;yes
24005;IAPEC19273000;15939;Item;yes
23029;IAPEC25114000;15940;Item;yes
23030;IAPEC25102000;15940;Item;yes
23031;IAPEC25089000;15940;Item;yes
23032;IAPEC25076000;15940;Item;yes
23049;IAPEC25064000;15940;Item;yes
23050;IAPEC25060000;15940;Item;yes
23051;IAPEC25054000;15940;Item;yes
23052;IAPEC25048000;15940;Item;yes
23053;IAPEC25042000;15940;Item;yes
23252;IAPEC25035000;15940;Item;yes
23254;IAPEC25032000;15940;Item;yes
28518;IAPEC25022000;15940;Item;yes
28520;IAPEC25012000;15940;Item;yes
28526;IAPEC25018000;15940;Item;yes
28528;IAPEC25015000;15940;Item;yes
23406;IAPEC25010000;15940;Item;yes
23407;IAPEC25006000;15940;Item;yes
23471;IAPEC25125000;15940;Item;yes
23472;IAPEC25133000;15940;Item;yes
23478;IAPEC25140000;15940;Item;yes
23479;IAPEC25160000;15940;Item;yes
23480;IAPEC25168000;15940;Item;yes
23481;IAPEC25219000;15940;Item;yes
23482;IAPEC25273000;15940;Item;yes
23488;IAPEC25324000;15940;Item;yes
24147;IAPEC25028000;15940;Item;yes
28556;IAPEC32108000;15941;Item;yes
23411;IAPEC32022000;15941;Item;yes
23417;IAPEC32035000;15941;Item;yes
23413;IAPEC32028000;15941;Item;yes
23409;IAPEC32018000;15941;Item;yes
23419;IAPEC32042000;15941;Item;yes
23415;IAPEC32032000;15941;Item;yes
23420;IAPEC32048000;15941;Item;yes
23468;IAPEC32054000;15941;Item;yes
23469;IAPEC32060000;15941;Item;yes
23470;IAPEC32064000;15941;Item;yes
23489;IAPEC32006000;15941;Item;yes
23490;IAPEC32010000;15941;Item;yes
23492;IAPEC32012000;15941;Item;yes
23499;IAPEC32015000;15941;Item;yes
23651;IAPEC32125000;15941;Item;yes
23647;IAPEC32076000;15941;Item;yes
23652;IAPEC32133000;15941;Item;yes
23648;IAPEC32089000;15941;Item;yes
23653;IAPEC32140000;15941;Item;yes
23649;IAPEC32102000;15941;Item;yes
23654;IAPEC32160000;15941;Item;yes
23650;IAPEC32114000;15941;Item;yes
23655;IAPEC32168000;15941;Item;yes
23676;IAPEC32200000;15941;Item;yes
23677;IAPEC32219000;15941;Item;yes
23678;IAPEC32250000;15941;Item;yes
23679;IAPEC32273000;15941;Item;yes
23680;IAPEC32324000;15941;Item;yes
28549;IAPEC40006000;15942;Item;yes
28553;IAPEC40015000;15942;Item;yes
28554;IAPEC40018000;15942;Item;yes
28555;IAPEC40032000;15942;Item;yes
28557;IAPEC40012000;15942;Item;yes
28558;IAPEC40035000;15942;Item;yes
28559;IAPEC40010000;15942;Item;yes
28560;IAPEC40076000;15942;Item;yes
28561;IAPEC40028000;15942;Item;yes
28562;IAPEC40102000;15942;Item;yes
28563;IAPEC40064000;15942;Item;yes
28564;IAPEC40160000;15942;Item;yes
28565;IAPEC40048000;15942;Item;yes
28566;IAPEC40114000;15942;Item;yes
28568;IAPEC40108000;15942;Item;yes
28569;IAPEC40054000;15942;Item;yes
28570;IAPEC40140000;15942;Item;yes
28571;IAPEC40060000;15942;Item;yes
28572;IAPEC40089000;15942;Item;yes
28578;IAPEC40042000;15942;Item;yes
30511;IAPEC40022000;15942;Item;yes
28120;IAPUD13018000;22723;Item;yes
28121;IAPUD13035000;22723;Item;yes
28123;IAPUD13048000;22723;Item;yes
28124;IAPUD13057000;22723;Item;yes
28126;IAPUD13060000;22723;Item;yes
28129;IAPUD13042000;22723;Item;yes
28131;IAPUD13168000;22723;Item;yes
28132;IAPUD13089000;22723;Item;yes
28133;IAPUD13076000;22723;Item;yes
28134;IAPUD13140000;22723;Item;yes
28136;IAPUD13160000;22723;Item;yes
28142;IAPUD13114000;22723;Item;yes
28144;IAPUD13108000;22723;Item;yes
28145;IAPUD13028000;22723;Item;yes
28155;IAPUD13012000;22723;Item;yes
28157;IAPUD13022000;22723;Item;yes
32413;IAPUD13125000;22723;Item;yes
28127;IAPUD19042000;22724;Item;yes
28137;IAPUD19012000;22724;Item;yes
28139;IAPUD19114000;22724;Item;yes
28140;IAPUD19018000;22724;Item;yes
28141;IAPUD19048000;22724;Item;yes
28143;IAPUD19060000;22724;Item;yes
28147;IAPUD19108000;22724;Item;yes
28148;IAPUD19089000;22724;Item;yes
28149;IAPUD19035000;22724;Item;yes
28150;IAPUD19076000;22724;Item;yes
28152;IAPUD19168000;22724;Item;yes
28153;IAPUD19022000;22724;Item;yes
28156;IAPUD19254000;22724;Item;yes
28159;IAPUD19204000;22724;Item;yes
28161;IAPUD19273000;22724;Item;yes
28170;IAPUD19219000;22724;Item;yes
28172;IAPUD19057000;22724;Item;yes
28174;IAPUD19140000;22724;Item;yes
28177;IAPUD19028000;22724;Item;yes
32416;IAPUD19180000;22724;Item;yes
32417;IAPUD19356000;22724;Item;yes
28128;IAPUD25089000;22725;Item;yes
28151;IAPUD25168000;22725;Item;yes
28154;IAPUD25160000;22725;Item;yes
28158;IAPUD25076000;22725;Item;yes
28160;IAPUD25057000;22725;Item;yes
28162;IAPUD25140000;22725;Item;yes
28164;IAPUD25114000;22725;Item;yes
28165;IAPUD25048000;22725;Item;yes
28166;IAPUD25035000;22725;Item;yes
28167;IAPUD25028000;22725;Item;yes
28168;IAPUD25022000;22725;Item;yes
28169;IAPUD25042000;22725;Item;yes
28171;IAPUD25018000;22725;Item;yes
28175;IAPUD25324000;22725;Item;yes
28179;IAPUD25204000;22725;Item;yes
28180;IAPUD25406000;22725;Item;yes
28181;IAPUD25306000;22725;Item;yes
28182;IAPUD25254000;22725;Item;yes
28187;IAPUD25356000;22725;Item;yes
28188;IAPUD25219000;22725;Item;yes
28225;IAPUD25060000;22725;Item;yes
28227;IAPUD25273000;22725;Item;yes
32421;IAPUD25457000;22725;Item;yes
28122;IAPXG13015000;24122;Item;yes
28173;IAPXG13030000;24122;Item;yes
28176;IAPXG13028000;24122;Item;yes
28178;IAPXG13022000;24122;Item;yes
28183;IAPXG13048000;24122;Item;yes
28184;IAPXG13012000;24122;Item;yes
28185;IAPXG13010000;24122;Item;yes
28186;IAPXG13018000;24122;Item;yes
28190;IAPXG13064000;24122;Item;yes
28194;IAPXG13089000;24122;Item;yes
28198;IAPXG13060000;24122;Item;yes
28202;IAPXG13054000;24122;Item;yes
28208;IAPXG13070000;24122;Item;yes
28219;IAPXG13042000;24122;Item;yes
28229;IAPXG13025000;24122;Item;yes
28233;IAPXG13035000;24122;Item;yes
28239;IAPXG13076000;24122;Item;yes
28189;IAPXG19070000;24123;Item;yes
28192;IAPXG19012000;24123;Item;yes
28193;IAPXG19076000;24123;Item;yes
28195;IAPXG19064000;24123;Item;yes
28196;IAPXG19028000;24123;Item;yes
28197;IAPXG19018000;24123;Item;yes
28199;IAPXG19010000;24123;Item;yes
28200;IAPXG19022000;24123;Item;yes
28203;IAPXG19035000;24123;Item;yes
28204;IAPXG19060000;24123;Item;yes
28205;IAPXG19054000;24123;Item;yes
28206;IAPXG19048000;24123;Item;yes
28209;IAPXG19089000;24123;Item;yes
28212;IAPXG19015000;24123;Item;yes
32422;IAPXG19025000;24123;Item;yes
28207;IAPXG25048000;24124;Item;yes
28210;IAPXG25025000;24124;Item;yes
28211;IAPXG25018000;24124;Item;yes
28213;IAPXG25022000;24124;Item;yes
28214;IAPXG25042000;24124;Item;yes
28215;IAPXG25028000;24124;Item;yes
28217;IAPXG25054000;24124;Item;yes
28218;IAPXG25076000;24124;Item;yes
28220;IAPXG25015000;24124;Item;yes
28221;IAPXG25070000;24124;Item;yes
28224;IAPXG25060000;24124;Item;yes
28241;IAPXG25035000;24124;Item;yes
30468;IAPXG25064000;24124;Item;yes
30472;IAPXG25089000;24124;Item;yes
13787;IAFMC01006009;13738;Item;yes
13788;IAFMC01008015;13738;Item;yes
13790;IAFMC01010015;13738;Item;yes
13791;IAFMC01012000;13738;Item;yes
13794;IAFMC01022000;13738;Item;yes
13795;IAFMC01025000;13738;Item;yes
13796;IAFMC01028015;13738;Item;yes
13797;IAFMC01030000;13738;Item;yes
13798;IAFMC01032000;13738;Item;yes
13799;IAFMC01035015;13738;Item;yes
13800;IAFMC01038000;13738;Item;yes
13801;IAFMC01042000;13738;Item;yes
13802;IAFMC01045000;13738;Item;yes
13803;IAFMC01048000;13738;Item;yes
13804;IAFMC01054015;13738;Item;yes
13805;IAFMC01057000;13738;Item;yes
13806;IAFMC01060000;13738;Item;yes
13807;IAFMC01064000;13738;Item;yes
13809;IAFMC01076015;13738;Item;yes
13810;IAFMC01080000;13738;Item;yes
13811;IAFMC01089015;13738;Item;yes
13812;IAFMC01102000;13738;Item;yes
24498;IAFMC01015000;13738;Item;yes
24500;IAFMC01018009;13738;Item;yes
24501;IAFMC01070000;13738;Item;yes
24502;IAFMC01110000;13738;Item;yes
24503;IAFMC01108000;13738;Item;yes
26466;IAFMC01114000;13738;Item;yes
26470;IAFMC01125000;13738;Item;yes
26479;IAFMC01140000;13738;Item;yes
26483;IAFMC01160000;13738;Item;yes
13824;IAFMC02012000;13789;Item;yes
13825;IAFMC02015015;13789;Item;yes
13844;IAFMC02070000;13789;Item;yes
13845;IAFMC02076000;13789;Item;yes
13846;IAFMC02080000;13789;Item;yes
13847;IAFMC02089015;13789;Item;yes
28079;IAFMC02006000;13789;Item;yes
28083;IAFMC02008000;13789;Item;yes
28084;IAFMC02035015;13789;Item;yes
28085;IAFMC02048015;13789;Item;yes
28089;IAFMC02042015;13789;Item;yes
26422;IAFMC02040000;13789;Item;yes
26477;IAFMC02057015;13789;Item;yes
26490;IAFMC02064015;13789;Item;yes
26495;IAFMC02010015;13789;Item;yes
26523;IAFMC02018000;13789;Item;yes
26527;IAFMC02102015;13789;Item;yes
26529;IAFMC02108015;13789;Item;yes
26533;IAFMC02110000;13789;Item;yes
26534;IAFMC02022015;13789;Item;yes
26536;IAFMC02114000;13789;Item;yes
26538;IAFMC02025015;13789;Item;yes
26539;IAFMC02028015;13789;Item;yes
26543;IAFMC02140000;13789;Item;yes
26544;IAFMC02160000;13789;Item;yes
26548;IAFMC02030000;13789;Item;yes
26551;IAFMC02133000;13789;Item;yes
26553;IAFMC02032000;13789;Item;yes
27800;IAFMC02054015;13789;Item;yes
30473;IAFMC02060000;13789;Item;yes
30474;IAFMC02125000;13789;Item;yes
26425;IAFMC03070000;13840;Item;yes
26428;IAFMC03060000;13840;Item;yes
26436;IAFMC03064000;13840;Item;yes
26439;IAFMC03089000;13840;Item;yes
26455;IAFMC03076000;13840;Item;yes
26457;IAFMC03108000;13840;Item;yes
26465;IAFMC03110000;13840;Item;yes
26469;IAFMC03114000;13840;Item;yes
26480;IAFMC03125000;13840;Item;yes
26482;IAFMC03133000;13840;Item;yes
26486;IAFMC03140000;13840;Item;yes
26491;IAFMC03160000;13840;Item;yes
26555;IAFMC03028015;13840;Item;yes
26559;IAFMC03035015;13840;Item;yes
26560;IAFMC03054015;13840;Item;yes
30469;IAFMC03018000;13840;Item;yes
30471;IAFMC03012000;13840;Item;yes
30476;IAFMC03015000;13840;Item;yes
30477;IAFMC03010000;13840;Item;yes
30480;IAFMC03022000;13840;Item;yes
30481;IAFMC03048000;13840;Item;yes
30486;IAFMC03042000;13840;Item;yes
13885;IAFMC04018015;13842;Item;yes
13886;IAFMC04022015;13842;Item;yes
13887;IAFMC04025000;13842;Item;yes
13888;IAFMC04028009;13842;Item;yes
13889;IAFMC04030000;13842;Item;yes
13890;IAFMC04032000;13842;Item;yes
13891;IAFMC04035009;13842;Item;yes
13892;IAFMC04040000;13842;Item;yes
13895;IAFMC04042000;13842;Item;yes
13896;IAFMC04045000;13842;Item;yes
13897;IAFMC04048000;13842;Item;yes
13898;IAFMC04050000;13842;Item;yes
13899;IAFMC04054000;13842;Item;yes
13900;IAFMC04057000;13842;Item;yes
13901;IAFMC04060000;13842;Item;yes
13902;IAFMC04064000;13842;Item;yes
26516;IAFMC04070000;13842;Item;yes
26518;IAFMC04006000;13842;Item;yes
26530;IAFMC04080000;13842;Item;yes
26547;IAFMC04110000;13842;Item;yes
26558;IAFMC04125000;13842;Item;yes
26569;IAFMC04168000;13842;Item;yes
25743;IAFMC04140000;13842;Item;yes
25758;IAFMC04160000;13842;Item;yes
30478;IAFMC04012000;13842;Item;yes
30479;IAFMC04015015;13842;Item;yes
30482;IAFMC04010000;13842;Item;yes
30484;IAFMC04114000;13842;Item;yes
30491;IAFMC04089000;13842;Item;yes
30493;IAFMC04102000;13842;Item;yes
30494;IAFMC04133000;13842;Item;yes
30496;IAFMC04108000;13842;Item;yes
30498;IAFMC04076000;13842;Item;yes
13926;IAFMC05022009;13894;Item;yes
13927;IAFMC05025000;13894;Item;yes
13928;IAFMC05028009;13894;Item;yes
13930;IAFMC05032000;13894;Item;yes
13931;IAFMC05035000;13894;Item;yes
13932;IAFMC05042000;13894;Item;yes
13933;IAFMC05048009;13894;Item;yes
13934;IAFMC05054000;13894;Item;yes
13935;IAFMC05060000;13894;Item;yes
13936;IAFMC05064000;13894;Item;yes
13937;IAFMC05070000;13894;Item;yes
13939;IAFMC05076000;13894;Item;yes
13940;IAFMC05089000;13894;Item;yes
13941;IAFMC05108000;13894;Item;yes
13942;IAFMC05114000;13894;Item;yes
13943;IAFMC05125009;13894;Item;yes
13944;IAFMC05140009;13894;Item;yes
13964;IAFMC05168000;13894;Item;yes
26573;IAFMC05015000;13894;Item;yes
26574;IAFMC05020000;13894;Item;yes
30483;IAFMC05018009;13894;Item;yes
13969;IAFMC06010000;13947;Item;yes
13970;IAFMC06012009;13947;Item;yes
13972;IAFMC06018000;13947;Item;yes
13973;IAFMC06022009;13947;Item;yes
13974;IAFMC06028000;13947;Item;yes
13975;IAFMC06035009;13947;Item;yes
13976;IAFMC06042000;13947;Item;yes
13977;IAFMC06048000;13947;Item;yes
13978;IAFMC06054000;13947;Item;yes
13979;IAFMC06057000;13947;Item;yes
13980;IAFMC06060000;13947;Item;yes
13981;IAFMC06064000;13947;Item;yes
13982;IAFMC06070000;13947;Item;yes
13983;IAFMC06076000;13947;Item;yes
13984;IAFMC06089000;13947;Item;yes
13985;IAFMC06102015;13947;Item;yes
13987;IAFMC06108000;13947;Item;yes
13989;IAFMC06114000;13947;Item;yes
13990;IAFMC06125009;13947;Item;yes
13991;IAFMC06133009;13947;Item;yes
13994;IAFMC06140009;13947;Item;yes
13996;IAFMC06160009;13947;Item;yes
13998;IAFMC06168009;13947;Item;yes
30485;IAFMC06015000;13947;Item;yes
13583;IAFMC01012600;13568;Item;yes
13584;IAFMC01015600;13568;Item;yes
13585;IAFMC01018609;13568;Item;yes
13586;IAFMC01022600;13568;Item;yes
13587;IAFMC01028615;13568;Item;yes
13589;IAFMC01035615;13568;Item;yes
13590;IAFMC01042600;13568;Item;yes
13591;IAFMC01048600;13568;Item;yes
13593;IAFMC01054615;13568;Item;yes
13594;IAFMC01060600;13568;Item;yes
13595;IAFMC01076615;13568;Item;yes
13596;IAFMC01089615;13568;Item;yes
13611;IAFMC02012600;13569;Item;yes
13612;IAFMC02015615;13569;Item;yes
13613;IAFMC02018600;13569;Item;yes
13614;IAFMC02022615;13569;Item;yes
13615;IAFMC02028615;13569;Item;yes
13618;IAFMC02035615;13569;Item;yes
13619;IAFMC02042615;13569;Item;yes
13625;IAFMC02048615;13569;Item;yes
13626;IAFMC02054615;13569;Item;yes
13627;IAFMC02060600;13569;Item;yes
13628;IAFMC02064615;13569;Item;yes
13630;IAFMC02076600;13569;Item;yes
13631;IAFMC02089615;13569;Item;yes
13633;IAFMC03015600;13620;Item;yes
13634;IAFMC03018600;13620;Item;yes
13635;IAFMC03022600;13620;Item;yes
13636;IAFMC03028615;13620;Item;yes
13637;IAFMC03035615;13620;Item;yes
13638;IAFMC03042600;13620;Item;yes
13639;IAFMC03048600;13620;Item;yes
13640;IAFMC03054615;13620;Item;yes
13641;IAFMC03060600;13620;Item;yes
13642;IAFMC03076600;13620;Item;yes
13643;IAFMC03089600;13620;Item;yes
13644;IAFMC04015615;13621;Item;yes
13646;IAFMC04018615;13621;Item;yes
13648;IAFMC04022615;13621;Item;yes
13649;IAFMC04028609;13621;Item;yes
13650;IAFMC04035609;13621;Item;yes
13651;IAFMC04042600;13621;Item;yes
13652;IAFMC04048600;13621;Item;yes
13653;IAFMC04054600;13621;Item;yes
13654;IAFMC04060600;13621;Item;yes
13657;IAFMC04076600;13621;Item;yes
26549;IAFMC04089600;13621;Item;yes
13434;IAFMC01006299;13399;Item;yes
13436;IAFMC01008299;13399;Item;yes
13437;IAFMC01010299;13399;Item;yes
13438;IAFMC01012299;13399;Item;yes
13439;IAFMC01015299;13399;Item;yes
13440;IAFMC01018299;13399;Item;yes
13441;IAFMC01022299;13399;Item;yes
13442;IAFMC01028299;13399;Item;yes
13443;IAFMC02006299;13400;Item;yes
13444;IAFMC02008299;13400;Item;yes
13445;IAFMC02010299;13400;Item;yes
13446;IAFMC02012299;13400;Item;yes
13447;IAFMC02015299;13400;Item;yes
13448;IAFMC02018299;13400;Item;yes
13449;IAFMC02022299;13400;Item;yes
13450;IAFMC02028299;13400;Item;yes
26229;IAFEV01006000;21268;Item;yes
26237;IAFEV01012000;21268;Item;yes
26239;IAFEV01010000;21268;Item;yes
26242;IAFEV01125000;21268;Item;yes
26244;IAFEV01140000;21268;Item;yes
26252;IAFEV01160000;21268;Item;yes
26254;IAFEV01110000;21268;Item;yes
26255;IAFEV01015000;21268;Item;yes
26256;IAFEV01008000;21268;Item;yes
26259;IAFEV01022000;21268;Item;yes
26261;IAFEV01114000;21268;Item;yes
26269;IAFEV01032000;21268;Item;yes
26273;IAFEV01025000;21268;Item;yes
26274;IAFEV01030000;21268;Item;yes
26276;IAFEV01035000;21268;Item;yes
26278;IAFEV01028000;21268;Item;yes
26285;IAFEV01070000;21268;Item;yes
26293;IAFEV01064000;21268;Item;yes
26294;IAFEV01054000;21268;Item;yes
26297;IAFEV01048000;21268;Item;yes
26299;IAFEV01060000;21268;Item;yes
26300;IAFEV01042000;21268;Item;yes
26304;IAFEV01089000;21268;Item;yes
26306;IAFEV01080000;21268;Item;yes
26318;IAFEV01102000;21268;Item;yes
26321;IAFEV01076000;21268;Item;yes
26325;IAFEV01108000;21268;Item;yes
27768;IAFEV01018000;21268;Item;yes
26262;IAFEV02015000;21269;Item;yes
26267;IAFEV02006000;21269;Item;yes
26270;IAFEV02012000;21269;Item;yes
26271;IAFEV02010000;21269;Item;yes
26281;IAFEV02008000;21269;Item;yes
26286;IAFEV02028000;21269;Item;yes
26287;IAFEV02025000;21269;Item;yes
26303;IAFEV02018000;21269;Item;yes
26307;IAFEV02040000;21269;Item;yes
26308;IAFEV02022000;21269;Item;yes
26309;IAFEV02030000;21269;Item;yes
26313;IAFEV02032000;21269;Item;yes
26314;IAFEV02102000;21269;Item;yes
26315;IAFEV02035000;21269;Item;yes
26316;IAFEV02048000;21269;Item;yes
26319;IAFEV02089000;21269;Item;yes
26322;IAFEV02133000;21269;Item;yes
26323;IAFEV02140000;21269;Item;yes
26324;IAFEV02054000;21269;Item;yes
26326;IAFEV02042000;21269;Item;yes
26327;IAFEV02125000;21269;Item;yes
26328;IAFEV02110000;21269;Item;yes
26329;IAFEV02108000;21269;Item;yes
26332;IAFEV02060000;21269;Item;yes
26335;IAFEV02160000;21269;Item;yes
26349;IAFEV02076000;21269;Item;yes
26360;IAFEV02080000;21269;Item;yes
27781;IAFEV02070000;21269;Item;yes
32339;IAFEV02064009;21269;Item;yes
26339;IAFEV03015000;21270;Item;yes
26340;IAFEV03010000;21270;Item;yes
26343;IAFEV03012000;21270;Item;yes
26355;IAFEV03022000;21270;Item;yes
26357;IAFEV03018000;21270;Item;yes
26359;IAFEV03035000;21270;Item;yes
26364;IAFEV03028000;21270;Item;yes
26366;IAFEV03048000;21270;Item;yes
26369;IAFEV03042000;21270;Item;yes
26389;IAFEV03054000;21270;Item;yes
26390;IAFEV03064000;21270;Item;yes
26391;IAFEV03060000;21270;Item;yes
26402;IAFEV03070000;21270;Item;yes
26406;IAFEV03076000;21270;Item;yes
26417;IAFEV03110000;21270;Item;yes
26420;IAFEV03108000;21270;Item;yes
26426;IAFEV03125000;21270;Item;yes
26429;IAFEV03140000;21270;Item;yes
26441;IAFEV03114000;21270;Item;yes
26446;IAFEV03133000;21270;Item;yes
26448;IAFEV03160000;21270;Item;yes
25687;IAFEV03089000;21270;Item;yes
26338;IAFEV04018000;21271;Item;yes
26345;IAFEV04025000;21271;Item;yes
26348;IAFEV04032000;21271;Item;yes
26352;IAFEV04030000;21271;Item;yes
26353;IAFEV04028000;21271;Item;yes
26358;IAFEV04042000;21271;Item;yes
26361;IAFEV04035000;21271;Item;yes
26373;IAFEV04040000;21271;Item;yes
26375;IAFEV04048000;21271;Item;yes
26384;IAFEV04054000;21271;Item;yes
26400;IAFEV04060000;21271;Item;yes
26404;IAFEV04064000;21271;Item;yes
26424;IAFEV04089000;21271;Item;yes
26438;IAFEV04108000;21271;Item;yes
26445;IAFEV04102000;21271;Item;yes
26450;IAFEV04114000;21271;Item;yes
26451;IAFEV04006000;21271;Item;yes
26460;IAFEV04080000;21271;Item;yes
26461;IAFEV04010000;21271;Item;yes
26462;IAFEV04110000;21271;Item;yes
26471;IAFEV04015000;21271;Item;yes
26472;IAFEV04133000;21271;Item;yes
26475;IAFEV04140000;21271;Item;yes
26478;IAFEV04160000;21271;Item;yes
26485;IAFEV04168000;21271;Item;yes
27782;IAFEV04012000;21271;Item;yes
27785;IAFEV04022000;21271;Item;yes
27786;IAFEV04076000;21271;Item;yes
27787;IAFEV04125000;21271;Item;yes
26362;IAFEV05114000;21272;Item;yes
26365;IAFEV05076000;21272;Item;yes
26367;IAFEV05089000;21272;Item;yes
26368;IAFEV05108000;21272;Item;yes
26370;IAFEV05168000;21272;Item;yes
26371;IAFEV05140000;21272;Item;yes
26487;IAFEV05018000;21272;Item;yes
26492;IAFEV05022000;21272;Item;yes
26493;IAFEV05028000;21272;Item;yes
26498;IAFEV05035000;21272;Item;yes
26499;IAFEV05042000;21272;Item;yes
26501;IAFEV05048000;21272;Item;yes
26503;IAFEV05054000;21272;Item;yes
26506;IAFEV05070000;21272;Item;yes
26507;IAFEV05064000;21272;Item;yes
26514;IAFEV05060000;21272;Item;yes
27795;IAFEV05125000;21272;Item;yes
33078;IAFEV05032000;21272;Item;yes
33197;IAFEV05025000;21272;Item;yes
26372;IAFEV06012000;21273;Item;yes
26380;IAFEV06010000;21273;Item;yes
26382;IAFEV06015000;21273;Item;yes
26386;IAFEV06022000;21273;Item;yes
26393;IAFEV06028000;21273;Item;yes
26394;IAFEV06018000;21273;Item;yes
26396;IAFEV06035000;21273;Item;yes
26403;IAFEV06042000;21273;Item;yes
26410;IAFEV06054000;21273;Item;yes
26413;IAFEV06048000;21273;Item;yes
26423;IAFEV06060000;21273;Item;yes
26432;IAFEV06064000;21273;Item;yes
26433;IAFEV06070000;21273;Item;yes
26434;IAFEV06076000;21273;Item;yes
26447;IAFEV06089000;21273;Item;yes
26452;IAFEV06108000;21273;Item;yes
26453;IAFEV06140000;21273;Item;yes
26454;IAFEV06102000;21273;Item;yes
26458;IAFEV06114000;21273;Item;yes
26464;IAFEV06160000;21273;Item;yes
31929;IAFEV06133000;21273;Item;yes
31930;IAFEV06168000;21273;Item;yes
33077;IAFEV06125000;21273;Item;yes
26238;IAFEV01012600;21264;Item;yes
26249;IAFEV01015600;21264;Item;yes
26257;IAFEV01018600;21264;Item;yes
26260;IAFEV01042600;21264;Item;yes
26264;IAFEV01028600;21264;Item;yes
26272;IAFEV01022600;21264;Item;yes
26277;IAFEV01035600;21264;Item;yes
26292;IAFEV01060600;21264;Item;yes
26298;IAFEV01048600;21264;Item;yes
26310;IAFEV01089600;21264;Item;yes
26311;IAFEV01076600;21264;Item;yes
32337;IAFEV01054609;21264;Item;yes
26284;IAFEV02015600;21265;Item;yes
26290;IAFEV02022600;21265;Item;yes
26291;IAFEV02028600;21265;Item;yes
26295;IAFEV02018600;21265;Item;yes
26305;IAFEV02035600;21265;Item;yes
26317;IAFEV02042600;21265;Item;yes
26320;IAFEV02048600;21265;Item;yes
26331;IAFEV02054600;21265;Item;yes
26336;IAFEV02064600;21265;Item;yes
26341;IAFEV02060600;21265;Item;yes
26346;IAFEV02076600;21265;Item;yes
26334;IAFEV03015600;21266;Item;yes
26350;IAFEV03022600;21266;Item;yes
26351;IAFEV03018600;21266;Item;yes
26363;IAFEV03028600;21266;Item;yes
26374;IAFEV03035600;21266;Item;yes
26378;IAFEV03042600;21266;Item;yes
26381;IAFEV03048600;21266;Item;yes
26383;IAFEV03054600;21266;Item;yes
26397;IAFEV03060600;21266;Item;yes
26407;IAFEV03076600;21266;Item;yes
26408;IAFEV03089600;21266;Item;yes
26337;IAFEV04018600;21267;Item;yes
26354;IAFEV04035600;21267;Item;yes
26356;IAFEV04028600;21267;Item;yes
26376;IAFEV04042600;21267;Item;yes
26379;IAFEV04048600;21267;Item;yes
26398;IAFEV04054600;21267;Item;yes
26401;IAFEV04060600;21267;Item;yes
26416;IAFEV04064600;21267;Item;yes
26443;IAFEV04089600;21267;Item;yes
26476;IAFEV04015600;21267;Item;yes
26231;IAFEV01012299;21262;Item;yes
26233;IAFEV01006299;21262;Item;yes
26240;IAFEV01010299;21262;Item;yes
26243;IAFEV01008299;21262;Item;yes
26248;IAFEV01018299;21262;Item;yes
26253;IAFEV01015299;21262;Item;yes
26268;IAFEV01022299;21262;Item;yes
26301;IAFEV01028299;21262;Item;yes
26258;IAFEV02012299;21263;Item;yes
26263;IAFEV02008299;21263;Item;yes
26265;IAFEV02006299;21263;Item;yes
26279;IAFEV02010299;21263;Item;yes
26280;IAFEV02015299;21263;Item;yes
26282;IAFEV02022299;21263;Item;yes
26288;IAFEV02018299;21263;Item;yes
27775;IAFEV02028299;21263;Item;yes
29306;IHTCA10012000;21308;Item;yes
29308;IHTCA10010000;21308;Item;yes
29310;IHTCA10035000;21308;Item;yes
29315;IHTCA10015000;21308;Item;yes
29316;IHTCA10028000;21308;Item;yes
29319;IHTCA10022000;21308;Item;yes
29323;IHTCA10018000;21308;Item;yes
30554;IHTCA10042000;21308;Item;yes
27110;IHTCA13060000;21309;Item;yes
27115;IHTCA13054000;21309;Item;yes
29309;IHTCA13028000;21309;Item;yes
29312;IHTCA13035000;21309;Item;yes
29313;IHTCA13015000;21309;Item;yes
29314;IHTCA13012000;21309;Item;yes
29318;IHTCA13018000;21309;Item;yes
29321;IHTCA13010000;21309;Item;yes
29326;IHTCA13022000;21309;Item;yes
29327;IHTCA13042000;21309;Item;yes
29329;IHTCA13048000;21309;Item;yes
29331;IHTCA13076000;21309;Item;yes
29335;IHTCA13089000;21309;Item;yes
29320;IHTCA19015000;21310;Item;yes
29322;IHTCA19035000;21310;Item;yes
29324;IHTCA19028009;21310;Item;yes
29325;IHTCA19076000;21310;Item;yes
29328;IHTCA19089000;21310;Item;yes
29333;IHTCA19054000;21310;Item;yes
29334;IHTCA19060000;21310;Item;yes
29336;IHTCA19048000;21310;Item;yes
29337;IHTCA19042000;21310;Item;yes
29338;IHTCA19018000;21310;Item;yes
29342;IHTCA19022000;21310;Item;yes
29339;IHTCA25042009;21311;Item;yes
29340;IHTCA25028000;21311;Item;yes
29343;IHTCA25060009;21311;Item;yes
29344;IHTCA25018009;21311;Item;yes
29345;IHTCA25022000;21311;Item;yes
29346;IHTCA25015009;21311;Item;yes
29347;IHTCA25048009;21311;Item;yes
29348;IHTCA25035000;21311;Item;yes
29349;IHTCA25089000;21311;Item;yes
29354;IHTCA25076000;21311;Item;yes
30555;IHTCA25054009;21311;Item;yes
27113;IHTCA13022299;21312;Item;yes
27888;IHTCA13015299;21312;Item;yes
27889;IHTCA13018299;21312;Item;yes
27102;IHTCA19022299;21313;Item;yes
27114;IHTCA19015299;21313;Item;yes
27886;IHTCA19018299;21313;Item;yes
25930;IHTSW13015500;21315;Item;yes
27134;IHTSW13012500;21315;Item;yes
27138;IHTSW13028500;21315;Item;yes
27139;IHTSW13022500;21315;Item;yes
27151;IHTSW13018500;21315;Item;yes
27142;IHTSW20015500;24375;Item;yes
27144;IHTSW20028500;24375;Item;yes
27148;IHTSW20012500;24375;Item;yes
27149;IHTSW20018500;24375;Item;yes
27162;IHTSW20022500;24375;Item;yes
27892;IHTSW20035500;24375;Item;yes
27893;IHTSW20042500;24375;Item;yes
27147;IHTSW32028500;24376;Item;yes
27150;IHTSW32064500;24376;Item;yes
27152;IHTSW32035500;24376;Item;yes
27154;IHTSW32018500;24376;Item;yes
27155;IHTSW32042500;24376;Item;yes
27156;IHTSW32022500;24376;Item;yes
27157;IHTSW32048500;24376;Item;yes
27894;IHTSW32054500;24376;Item;yes
27119;IHTSB13018500;24378;Item;yes
27125;IHTSB13015500;24378;Item;yes
27126;IHTSB13022500;24378;Item;yes
27132;IHTSB13028500;24378;Item;yes
27120;IHTSB20018500;24379;Item;yes
27121;IHTSB20022500;24379;Item;yes
27129;IHTSB20028500;24379;Item;yes
27131;IHTSB20035500;24379;Item;yes
27146;IHTSB20042500;24379;Item;yes
27891;IHTSB20015500;24379;Item;yes
27133;IHTSB32018500;24380;Item;yes
27140;IHTSB32035500;24380;Item;yes
27141;IHTSB32028500;24380;Item;yes
27143;IHTSB32042500;24380;Item;yes
27145;IHTSB32022500;24380;Item;yes
24870;IACEA09022015;21330;Item;yes
24873;IACEA09028015;21330;Item;yes
24877;IACEA09035008;21330;Item;yes
24879;IACEA09018008;21330;Item;yes
24881;IACEA09042015;21330;Item;yes
24884;IACEA13042015;21328;Item;yes
24886;IACEA13054009;21328;Item;yes
24887;IACEA13048009;21328;Item;yes
24890;IACEA13076009;21328;Item;yes
24892;IACEA13035009;21328;Item;yes
24893;IACEA13060008;21328;Item;yes
24894;IACEA13028009;21328;Item;yes
24895;IACEA13018015;21328;Item;yes
24896;IACEA13064008;21328;Item;yes
24897;IACEA13022015;21328;Item;yes
24898;IACEA13089008;21328;Item;yes
24900;IACEA13114009;21328;Item;yes
24908;IACEA19022008;21331;Item;yes
24910;IACEA19028008;21331;Item;yes
24912;IACEA19035009;21331;Item;yes
24916;IACEA19042008;21331;Item;yes
24921;IACEA19048009;21331;Item;yes
24922;IACEA19060008;21331;Item;yes
24923;IACEA19089008;21331;Item;yes
24927;IACEA19076015;21331;Item;yes
24928;IACEA19114009;21331;Item;yes
24931;IACEA19064008;21331;Item;yes
24932;IACEA19054008;21331;Item;yes
24946;IACEP06008000;21334;Item;yes
24950;IACEP06012015;21334;Item;yes
24951;IACEP06010015;21334;Item;yes
24962;IACEP06022015;21334;Item;yes
24963;IACEP06028000;21334;Item;yes
24971;IACEP06015015;21334;Item;yes
24972;IACEP06032000;21334;Item;yes
48213;IACEP06006009;21334;Item;yes
48219;IACEP06018009;21334;Item;yes
48221;IACEP06025009;21334;Item;yes
48223;IACEP06028009;21334;Item;yes
48225;IACEP06035009;21334;Item;yes
24949;IACEP09020000;21335;Item;yes
24953;IACEP09012000;21335;Item;yes
24955;IACEP09025000;21335;Item;yes
24958;IACEP09035000;21335;Item;yes
24959;IACEP09018000;21335;Item;yes
24960;IACEP09006000;21335;Item;yes
24961;IACEP09010000;21335;Item;yes
24964;IACEP09028015;21335;Item;yes
24965;IACEP09032000;21335;Item;yes
24967;IACEP09015015;21335;Item;yes
24973;IACEP09042015;21335;Item;yes
24974;IACEP09040000;21335;Item;yes
24975;IACEP09048000;21335;Item;yes
24976;IACEP09054000;21335;Item;yes
24978;IACEP09060015;21335;Item;yes
24980;IACEP09076015;21335;Item;yes
24982;IACEP09070000;21335;Item;yes
24983;IACEP09064015;21335;Item;yes
24985;IACEP09080000;21335;Item;yes
24990;IACEP09089000;21335;Item;yes
25000;IACEP09108000;21335;Item;yes
25003;IACEP09114000;21335;Item;yes
25007;IACEP09022015;21335;Item;yes
25009;IACEP09050000;21335;Item;yes
48228;IACEP09006009;21335;Item;yes
48229;IACEP09008009;21335;Item;yes
48247;IACEP09030009;21335;Item;yes
48258;IACEP09102009;21335;Item;yes
48259;IACEP09110009;21335;Item;yes
48260;IACEP09125009;21335;Item;yes
48261;IACEP09140009;21335;Item;yes
48262;IACEP09160009;21335;Item;yes
24977;IACEP13020000;21333;Item;yes
24979;IACEP13028000;21333;Item;yes
24981;IACEP13018015;21333;Item;yes
24986;IACEP13025000;21333;Item;yes
24992;IACEP13010000;21333;Item;yes
24993;IACEP13015015;21333;Item;yes
24994;IACEP13022015;21333;Item;yes
24995;IACEP13012000;21333;Item;yes
24996;IACEP13035000;21333;Item;yes
24998;IACEP13042015;21333;Item;yes
24999;IACEP13048000;21333;Item;yes
25001;IACEP13032000;21333;Item;yes
25008;IACEP13054000;21333;Item;yes
25010;IACEP13060000;21333;Item;yes
25011;IACEP13064000;21333;Item;yes
25012;IACEP13080000;21333;Item;yes
25013;IACEP13114000;21333;Item;yes
25014;IACEP13089000;21333;Item;yes
25015;IACEP13076000;21333;Item;yes
25017;IACEP13108000;21333;Item;yes
25021;IACEP13133000;21333;Item;yes
25022;IACEP13160000;21333;Item;yes
25026;IACEP13140000;21333;Item;yes
25125;IACEP13102000;21333;Item;yes
48265;IACEP13006009;21333;Item;yes
48283;IACEP13030009;21333;Item;yes
48286;IACEP13040009;21333;Item;yes
48291;IACEP13050009;21333;Item;yes
48296;IACEP13070009;21333;Item;yes
48302;IACEP13125009;21333;Item;yes
48303;IACEP13168009;21333;Item;yes
25018;IACEP19018000;21336;Item;yes
25019;IACEP19028000;21336;Item;yes
25023;IACEP19015000;21336;Item;yes
25024;IACEP19022000;21336;Item;yes
25027;IACEP19025000;21336;Item;yes
25028;IACEP19040000;21336;Item;yes
25029;IACEP19020000;21336;Item;yes
25030;IACEP19032000;21336;Item;yes
25031;IACEP19042000;21336;Item;yes
25032;IACEP19070000;21336;Item;yes
25033;IACEP19048000;21336;Item;yes
25034;IACEP19050000;21336;Item;yes
25035;IACEP19076015;21336;Item;yes
25037;IACEP19114000;21336;Item;yes
25038;IACEP19060000;21336;Item;yes
25039;IACEP19054000;21336;Item;yes
25040;IACEP19089000;21336;Item;yes
25041;IACEP19133000;21336;Item;yes
25042;IACEP19064000;21336;Item;yes
25043;IACEP19140000;21336;Item;yes
25044;IACEP19108000;21336;Item;yes
25051;IACEP19080000;21336;Item;yes
25126;IACEP19160000;21336;Item;yes
48306;IACEP19006009;21336;Item;yes
48307;IACEP19010009;21336;Item;yes
48308;IACEP19012009;21336;Item;yes
48322;IACEP19035009;21336;Item;yes
48344;IACEP19102009;21336;Item;yes
48345;IACEP19110009;21336;Item;yes
48346;IACEP19125009;21336;Item;yes
48349;IACEP19168009;21336;Item;yes
25045;IACEP25028015;21337;Item;yes
25046;IACEP25025000;21337;Item;yes
25047;IACEP25022015;21337;Item;yes
25048;IACEP25035000;21337;Item;yes
25050;IACEP25020000;21337;Item;yes
25055;IACEP25042000;21337;Item;yes
25056;IACEP25048000;21337;Item;yes
25057;IACEP25040000;21337;Item;yes
25060;IACEP25050000;21337;Item;yes
25061;IACEP25060000;21337;Item;yes
25062;IACEP25089000;21337;Item;yes
25063;IACEP25064000;21337;Item;yes
25066;IACEP25080000;21337;Item;yes
25068;IACEP25140000;21337;Item;yes
25069;IACEP25114000;21337;Item;yes
25071;IACEP25108000;21337;Item;yes
25073;IACEP25070000;21337;Item;yes
25127;IACEP25054000;21337;Item;yes
48352;IACEP25010009;21337;Item;yes
48353;IACEP25012009;21337;Item;yes
48354;IACEP25015009;21337;Item;yes
48356;IACEP25018009;21337;Item;yes
48366;IACEP25030009;21337;Item;yes
48367;IACEP25032009;21337;Item;yes
48385;IACEP25076009;21337;Item;yes
48391;IACEP25102009;21337;Item;yes
25059;IACEP32042000;24460;Item;yes
25065;IACEP32028000;24460;Item;yes
25070;IACEP32035000;24460;Item;yes
25074;IACEP32048000;24460;Item;yes
25075;IACEP32054000;24460;Item;yes
25077;IACEP32089000;24460;Item;yes
25078;IACEP32114000;24460;Item;yes
25080;IACEP32076000;24460;Item;yes
25081;IACEP32064000;24460;Item;yes
25083;IACEP32060000;24460;Item;yes
25093;IACEP32160000;24460;Item;yes
25094;IACEP32140000;24460;Item;yes
48401;IACEP32015009;24460;Item;yes
48403;IACEP32018009;24460;Item;yes
48407;IACEP32020009;24460;Item;yes
48409;IACEP32022009;24460;Item;yes
48413;IACEP32025009;24460;Item;yes
48419;IACEP32032009;24460;Item;yes
48423;IACEP32040009;24460;Item;yes
48431;IACEP32050009;24460;Item;yes
48452;IACEP32102009;24460;Item;yes
48454;IACEP32108009;24460;Item;yes
48458;IACEP32125009;24460;Item;yes
48459;IACEP32133009;24460;Item;yes
25082;IACEP40042000;24461;Item;yes
25084;IACEP40064000;24461;Item;yes
25085;IACEP40048000;24461;Item;yes
25086;IACEP40114000;24461;Item;yes
25087;IACEP40089000;24461;Item;yes
25088;IACEP40168000;24461;Item;yes
25090;IACEP40140000;24461;Item;yes
25095;IACEP40076000;24461;Item;yes
25096;IACEP40054000;24461;Item;yes
25097;IACEP40108000;24461;Item;yes
25128;IACEP40060000;24461;Item;yes
48462;IACEP40028009;24461;Item;yes
48464;IACEP40035009;24461;Item;yes
48475;IACEP40102009;24461;Item;yes
48476;IACEP40160009;24461;Item;yes
48236;IACEP09015609;48486;Item;yes
48239;IACEP09018609;48486;Item;yes
48241;IACEP09022609;48486;Item;yes
48245;IACEP09028609;48486;Item;yes
48248;IACEP09035609;48486;Item;yes
48250;IACEP09042609;48486;Item;yes
48252;IACEP09048609;48486;Item;yes
48254;IACEP09054609;48486;Item;yes
48256;IACEP09060609;48486;Item;yes
48269;IACEP13012609;48487;Item;yes
48272;IACEP13015609;48487;Item;yes
48275;IACEP13018609;48487;Item;yes
48278;IACEP13022609;48487;Item;yes
48281;IACEP13028609;48487;Item;yes
48284;IACEP13035609;48487;Item;yes
48288;IACEP13048609;48487;Item;yes
48289;IACEP13042609;48487;Item;yes
48292;IACEP13054609;48487;Item;yes
48294;IACEP13060609;48487;Item;yes
48297;IACEP13076609;48487;Item;yes
48300;IACEP13089609;48487;Item;yes
48311;IACEP19015609;48488;Item;yes
48313;IACEP19018609;48488;Item;yes
48317;IACEP19022609;48488;Item;yes
48320;IACEP19028609;48488;Item;yes
48324;IACEP19035609;48488;Item;yes
48327;IACEP19042609;48488;Item;yes
48330;IACEP19048609;48488;Item;yes
48333;IACEP19054609;48488;Item;yes
48336;IACEP19060609;48488;Item;yes
48340;IACEP19076609;48488;Item;yes
48347;IACEP19089609;48488;Item;yes
48358;IACEP25018609;48489;Item;yes
48360;IACEP25022609;48489;Item;yes
48363;IACEP25028609;48489;Item;yes
48369;IACEP25035609;48489;Item;yes
48372;IACEP25042609;48489;Item;yes
48375;IACEP25048609;48489;Item;yes
48378;IACEP25054609;48489;Item;yes
48381;IACEP25060609;48489;Item;yes
48386;IACEP25076609;48489;Item;yes
48389;IACEP25089609;48489;Item;yes
48214;IACEP06006299;21339;Item;yes
48215;IACEP06008299;21339;Item;yes
48216;IACEP06010299;21339;Item;yes
48217;IACEP06012299;21339;Item;yes
48218;IACEP06015299;21339;Item;yes
48220;IACEP06018299;21339;Item;yes
48222;IACEP06022299;21339;Item;yes
48224;IACEP06028299;21339;Item;yes
48230;IACEP09008299;21340;Item;yes
48231;IACEP09006299;21340;Item;yes
48232;IACEP09010299;21340;Item;yes
48233;IACEP09012299;21340;Item;yes
48235;IACEP09015299;21340;Item;yes
48238;IACEP09018299;21340;Item;yes
48242;IACEP09022299;21340;Item;yes
48244;IACEP09028299;21340;Item;yes
48266;IACEP13006299;21338;Item;yes
48267;IACEP13010299;21338;Item;yes
48268;IACEP13012299;21338;Item;yes
48271;IACEP13015299;21338;Item;yes
48274;IACEP13018299;21338;Item;yes
48277;IACEP13022299;21338;Item;yes
48280;IACEP13028299;21338;Item;yes
48310;IACEP19015605;48491;Item;yes
48312;IACEP19018605;48491;Item;yes
48316;IACEP19022605;48491;Item;yes
48319;IACEP19028605;48491;Item;yes
48323;IACEP19035605;48491;Item;yes
48326;IACEP19042605;48491;Item;yes
48329;IACEP19048605;48491;Item;yes
48332;IACEP19054605;48491;Item;yes
48335;IACEP19060605;48491;Item;yes
48339;IACEP19076605;48491;Item;yes
48342;IACEP19089605;48491;Item;yes
48355;IACEP25015605;48492;Item;yes
48368;IACEP25035605;48492;Item;yes
48371;IACEP25042605;48492;Item;yes
48374;IACEP25048605;48492;Item;yes
48377;IACEP25054605;48492;Item;yes
48380;IACEP25060605;48492;Item;yes
48383;IACEP25064605;48492;Item;yes
48404;IACEP32018605;48493;Item;yes
48410;IACEP32022605;48493;Item;yes
48415;IACEP32028605;48493;Item;yes
48425;IACEP32042605;48493;Item;yes
48428;IACEP32048605;48493;Item;yes
48433;IACEP32054605;48493;Item;yes
48436;IACEP32060605;48493;Item;yes
48439;IACEP32064605;48493;Item;yes
48445;IACEP32076605;48493;Item;yes
48449;IACEP32089605;48493;Item;yes
48463;IACEP40028605;48494;Item;yes
48465;IACEP40035605;48494;Item;yes
48467;IACEP40042605;48494;Item;yes
48469;IACEP40048605;48494;Item;yes
48471;IACEP40054605;48494;Item;yes
48472;IACEP40060605;48494;Item;yes
48473;IACEP40064605;48494;Item;yes
48474;IACEP40076605;48494;Item;yes
48477;IACEP40089605;48494;Item;yes
48237;IACEP09015613;48496;Item;yes
48240;IACEP09018613;48496;Item;yes
48243;IACEP09022613;48496;Item;yes
48246;IACEP09028613;48496;Item;yes
48249;IACEP09035613;48496;Item;yes
48251;IACEP09042613;48496;Item;yes
48253;IACEP09048613;48496;Item;yes
48255;IACEP09054613;48496;Item;yes
48257;IACEP09060613;48496;Item;yes
48270;IACEP13012613;48497;Item;yes
48273;IACEP13015613;48497;Item;yes
48276;IACEP13018613;48497;Item;yes
48279;IACEP13022613;48497;Item;yes
48282;IACEP13028613;48497;Item;yes
48285;IACEP13035613;48497;Item;yes
48287;IACEP13042613;48497;Item;yes
48290;IACEP13048613;48497;Item;yes
48293;IACEP13054613;48497;Item;yes
48299;IACEP13076613;48497;Item;yes
48331;IACEP19048613;48498;Item;yes
48341;IACEP19076613;48498;Item;yes
48359;IACEP25018613;48500;Item;yes
48361;IACEP25022613;48500;Item;yes
48364;IACEP25028613;48500;Item;yes
48418;IACEP32028613;48501;Item;yes
48422;IACEP32035613;48501;Item;yes
48427;IACEP32042613;48501;Item;yes
48430;IACEP32048613;48501;Item;yes
48435;IACEP32054613;48501;Item;yes
48438;IACEP32060613;48501;Item;yes
48443;IACEP32064613;48501;Item;yes
48446;IACEP32076613;48501;Item;yes
48451;IACEP32089613;48501;Item;yes
27566;IULDB09018000;21351;Item;yes
27569;IULDB09048000;21351;Item;yes
27570;IULDB09060000;21351;Item;yes
27571;IULDB09015000;21351;Item;yes
27572;IULDB09035000;21351;Item;yes
27573;IULDB09042000;21351;Item;yes
27578;IULDB09076000;21351;Item;yes
27582;IULDB09028000;21351;Item;yes
27583;IULDB09089000;21351;Item;yes
27584;IULDB09054000;21351;Item;yes
27588;IULDB09064000;21351;Item;yes
27922;IULDB09012000;21351;Item;yes
27923;IULDB09022000;21351;Item;yes
25961;IULDB13015000;21352;Item;yes
27576;IULDB13010000;21352;Item;yes
27581;IULDB13006000;21352;Item;yes
27585;IULDB13012000;21352;Item;yes
27592;IULDB13018000;21352;Item;yes
27594;IULDB13076000;21352;Item;yes
27596;IULDB13054000;21352;Item;yes
27597;IULDB13064000;21352;Item;yes
27598;IULDB13022000;21352;Item;yes
27601;IULDB13028000;21352;Item;yes
27602;IULDB13035000;21352;Item;yes
27603;IULDB13042000;21352;Item;yes
27604;IULDB13048000;21352;Item;yes
27607;IULDB13060000;21352;Item;yes
27622;IULDB13089000;21352;Item;yes
28307;IULDB19028000;21353;Item;yes
28318;IULDB19022000;21353;Item;yes
25972;IULDB19064000;21353;Item;yes
27612;IULDB19012000;21353;Item;yes
27615;IULDB19015000;21353;Item;yes
27616;IULDB19018000;21353;Item;yes
27619;IULDB19054000;21353;Item;yes
27620;IULDB19010000;21353;Item;yes
27623;IULDB19042000;21353;Item;yes
27626;IULDB19060000;21353;Item;yes
27627;IULDB19048000;21353;Item;yes
27628;IULDB19035000;21353;Item;yes
27630;IULDB19076000;21353;Item;yes
27637;IULDB19089000;21353;Item;yes
28302;IULDB25022000;21354;Item;yes
28316;IULDB25035000;21354;Item;yes
28319;IULDB25042000;21354;Item;yes
28321;IULDB25048000;21354;Item;yes
28323;IULDB25054000;21354;Item;yes
28328;IULDB25028000;21354;Item;yes
28329;IULDB25060000;21354;Item;yes
28331;IULDB25076000;21354;Item;yes
27634;IULDB25018000;21354;Item;yes
27646;IULDB25089000;21354;Item;yes
27651;IULDB25064000;21354;Item;yes
31612;IRASD09012000;21379;Item;yes
31616;IRASD09022000;21379;Item;yes
31618;IRASD09028000;21379;Item;yes
31619;IRASD09015000;21379;Item;yes
31624;IRASD09018000;21379;Item;yes
31626;IRASD09035000;21379;Item;yes
31834;IRASD09042000;21379;Item;yes
31620;IRASD13015000;21380;Item;yes
31621;IRASD13042000;21380;Item;yes
31623;IRASD13012000;21380;Item;yes
31625;IRASD13018000;21380;Item;yes
31627;IRASD13022000;21380;Item;yes
31628;IRASD13028000;21380;Item;yes
31634;IRASD13035000;21380;Item;yes
24856;IRASC09012000;21385;Item;yes
24857;IRASC09018000;21385;Item;yes
24858;IRASC09042000;21385;Item;yes
31607;IRASC09035000;21385;Item;yes
31611;IRASC09022000;21385;Item;yes
31615;IRASC09015000;21385;Item;yes
31617;IRASC09028000;21385;Item;yes
31645;IRAZH09022000;21386;Item;yes
31647;IRAZH09018000;21386;Item;yes
31651;IRAZH09012000;21386;Item;yes
31659;IRAZH09015000;21386;Item;yes
31662;IRAZH09042000;21386;Item;yes
31668;IRAZH09028000;21386;Item;yes
31673;IRAZH09035000;21386;Item;yes
31636;IRAZC09028000;21387;Item;yes
31642;IRAZC09015000;21387;Item;yes
31643;IRAZC09012000;21387;Item;yes
31644;IRAZC09022000;21387;Item;yes
31661;IRAZC09042000;21387;Item;yes
31838;IRAZC09035000;21387;Item;yes
31839;IRAZC09018000;21387;Item;yes
27446;ISHDA09064000;24385;Item;yes
27447;ISHDA09076000;24385;Item;yes
27449;ISHDA09114000;24385;Item;yes
27458;ISHDA09108000;24385;Item;yes
27464;ISHDA09089000;24385;Item;yes
27455;ISHDA10012000;24386;Item;yes
27457;ISHDA10025000;24386;Item;yes
27459;ISHDA10015000;24386;Item;yes
27462;ISHDA10028000;24386;Item;yes
27465;ISHDA10020000;24386;Item;yes
27469;ISHDA10032000;24386;Item;yes
27472;ISHDA10022000;24386;Item;yes
27478;ISHDA10018000;24386;Item;yes
27479;ISHDA10035000;24386;Item;yes
27480;ISHDA10042000;24386;Item;yes
27485;ISHDA10050000;24386;Item;yes
27487;ISHDA10054000;24386;Item;yes
27490;ISHDA10060000;24386;Item;yes
27919;ISHDA10048000;24386;Item;yes
27405;ISHBA13076000;24387;Item;yes
27406;ISHBA19028000;24388;Item;yes
27409;ISHBA19040000;24388;Item;yes
27415;ISHBA19018000;24388;Item;yes
27419;ISHBA19042000;24388;Item;yes
27422;ISHBA19035000;24388;Item;yes
27426;ISHBA19050000;24388;Item;yes
27430;ISHBA19076000;24388;Item;yes
27433;ISHBA19015000;24388;Item;yes
27434;ISHBA19060000;24388;Item;yes
27435;ISHBA19089000;24388;Item;yes
27437;ISHBA19054000;24388;Item;yes
27440;ISHBA19048000;24388;Item;yes
27914;ISHBA19022000;24388;Item;yes
27920;ISHDA19032000;24388;Item;yes
25953;ISHDA24022000;24389;Item;yes
25955;ISHDA24028000;24389;Item;yes
27491;ISHDA24018008;24389;Item;yes
27493;ISHDA24020000;24389;Item;yes
27496;ISHDA24015008;24389;Item;yes
27498;ISHDA24025000;24389;Item;yes
27507;ISHDA24042000;24389;Item;yes
27509;ISHDA24048000;24389;Item;yes
27501;ISHDA34060000;24393;Item;yes
27497;ISHDA36035000;24394;Item;yes
27500;ISHDA36028000;24394;Item;yes
27508;ISHDA44076000;24395;Item;yes
27499;ISHDA46042000;24396;Item;yes
27503;ISHDA46048000;24396;Item;yes
27470;ISHDA10022299;24384;Item;yes
27471;ISHDA10028299;24384;Item;yes
27476;ISHDA10018299;24384;Item;yes
27477;ISHDA10015299;24384;Item;yes
25951;ISHDA10054609;24398;Item;yes
27463;ISHDA10022609;24398;Item;yes
27466;ISHDA10012609;24398;Item;yes
27467;ISHDA10028609;24398;Item;yes
27468;ISHDA10025609;24398;Item;yes
27473;ISHDA10015609;24398;Item;yes
27474;ISHDA10018609;24398;Item;yes
27481;ISHDA10035609;24398;Item;yes
27489;ISHDA10060609;24398;Item;yes
27918;ISHDA10050609;24398;Item;yes
25962;ISHBA19035609;24399;Item;yes
27418;ISHBA19022609;24399;Item;yes
27421;ISHBA19028609;24399;Item;yes
27423;ISHBA19020609;24399;Item;yes
27425;ISHBA19048609;24399;Item;yes
27442;ISHBA19060609;24399;Item;yes
25966;ISODV14016020;24344;Item;yes
27522;ISODV14016010;24344;Item;yes
27523;ISODV14016015;24344;Item;yes
27526;ISODV14016025;24344;Item;yes
27530;ISODV14020010;24344;Item;yes
27531;ISODV14020025;24344;Item;yes
27534;ISODV14020020;24344;Item;yes
27536;ISODV14016050;24344;Item;yes
27538;ISODV14020050;24344;Item;yes
27539;ISODV14025015;24344;Item;yes
27542;ISODV14025025;24344;Item;yes
27543;ISODV14020015;24344;Item;yes
29742;INHSM09018000;21479;Item;yes
29746;INHSM09015000;21479;Item;yes
29747;INHSM09010000;21479;Item;yes
29752;INHSM09048000;21479;Item;yes
29753;INHSM09022000;21479;Item;yes
29755;INHSM09035000;21479;Item;yes
29761;INHSM09028000;21479;Item;yes
29763;INHSM09042000;21479;Item;yes
29758;INHSM13060000;21477;Item;yes
29764;INHSM13042000;21477;Item;yes
29765;INHSM13054000;21477;Item;yes
29766;INHSM13048000;21477;Item;yes
29768;INHSM13022000;21477;Item;yes
29769;INHSM13035000;21477;Item;yes
29770;INHSM13089000;21477;Item;yes
29775;INHSM13076000;21477;Item;yes
29776;INHSM13018000;21477;Item;yes
29779;INHSM13028000;21477;Item;yes
30586;INHSM13012000;21477;Item;yes
28459;INHSM19035000;21478;Item;yes
29772;INHSM19028000;21478;Item;yes
29773;INHSM19015000;21478;Item;yes
29777;INHSM19089000;21478;Item;yes
29782;INHSM19060000;21478;Item;yes
29783;INHSM19042000;21478;Item;yes
29784;INHSM19048000;21478;Item;yes
29793;INHSM19076000;21478;Item;yes
29787;INHSM25035000;21480;Item;yes
29788;INHSM25042000;21480;Item;yes
29789;INHSM25028000;21480;Item;yes
29792;INHSM25048000;21480;Item;yes
29796;INHSM25076000;21480;Item;yes
29797;INHSM25089000;21480;Item;yes
29799;INHSM25054000;21480;Item;yes
30588;INHSM25022000;21480;Item;yes
30589;INHSM25060000;21480;Item;yes
44880;IFLSV19025002;45064;Item;yes
44881;IFLSV19025006;45064;Item;yes
44882;IFLSV19025004;45064;Item;yes
44883;IFLSV19025008;45064;Item;yes
44884;IFLSV19032002;45064;Item;yes
44885;IFLSV19032004;45064;Item;yes
44886;IFLSV19032006;45064;Item;yes
44887;IFLSV19032008;45064;Item;yes
20640;ITDAR05150000;32939;Item;yes
20639;ITDAR05125000;32939;Item;yes
20638;ITDAR05100000;32939;Item;yes
20637;ITDAR05090000;32939;Item;yes
20631;ITDAR05070000;32939;Item;yes
20607;ITDAR05050000;32939;Item;yes
30278;IZNAW09125000;32962;Item;yes
30281;IZNAW09100002;32962;Item;yes
30284;IZNAW09050000;32962;Item;yes
30285;IZNAW09070000;32962;Item;yes
30288;IZNAW09090001;32962;Item;yes
21820;ITDAA05015009;31891;Item;yes
21821;ITDAA05018009;31891;Item;yes
22122;ITDAA05020009;31891;Item;yes
22123;ITDAA05022009;31891;Item;yes
22124;ITDAA05025009;31891;Item;yes
22125;ITDAA05028009;31891;Item;yes
22126;ITDAA05032009;31891;Item;yes
22127;ITDAA05035009;31891;Item;yes
22745;ITDAA09054009;30643;Item;yes
21823;ITDAA09015009;30643;Item;yes
21825;ITDAA09018009;30643;Item;yes
22128;ITDAA09020009;30643;Item;yes
22129;ITDAA09022009;30643;Item;yes
22131;ITDAA09025000;30643;Item;yes
22132;ITDAA09028009;30643;Item;yes
22134;ITDAA09032009;30643;Item;yes
22135;ITDAA09035009;30643;Item;yes
22137;ITDAA09040000;30643;Item;yes
22138;ITDAA09042000;30643;Item;yes
22140;ITDAA09048009;30643;Item;yes
22142;ITDAA09050009;30643;Item;yes
22145;ITDAA09060009;30643;Item;yes
22147;ITDAA09064809;30643;Item;yes
22149;ITDAA09076000;30643;Item;yes
22150;ITDAA09089000;30643;Item;yes
22750;ITDAA13054002;30644;Item;yes
21827;ITDAA13015009;30644;Item;yes
21829;ITDAA13018009;30644;Item;yes
21831;ITDAA13110009;30644;Item;yes
21833;ITDAA13114000;30644;Item;yes
21834;ITDAA13125000;30644;Item;yes
22037;ITDAA13028009;30644;Item;yes
22039;ITDAA13032009;30644;Item;yes
22042;ITDAA13035002;30644;Item;yes
22044;ITDAA13040009;30644;Item;yes
22045;ITDAA13042009;30644;Item;yes
22047;ITDAA13048002;30644;Item;yes
22049;ITDAA13050002;30644;Item;yes
22052;ITDAA13060000;30644;Item;yes
22054;ITDAA13064000;30644;Item;yes
22056;ITDAA13076009;30644;Item;yes
22057;ITDAA13089009;30644;Item;yes
22151;ITDAA13020009;30644;Item;yes
22152;ITDAA13022008;30644;Item;yes
32684;ITDAA13025002;30644;Item;yes
22762;ITDAA20054000;21118;Item;yes
21835;ITDAA20015009;21118;Item;yes
21837;ITDAA20018009;21118;Item;yes
21839;ITDAA20110009;21118;Item;yes
21840;ITDAA20114009;21118;Item;yes
21943;ITDAA20028009;21118;Item;yes
21945;ITDAA20035009;21118;Item;yes
21947;ITDAA20042009;21118;Item;yes
21949;ITDAA20048009;21118;Item;yes
21953;ITDAA20060000;21118;Item;yes
21955;ITDAA20064009;21118;Item;yes
21956;ITDAA20076009;21118;Item;yes
21957;ITDAA20089009;21118;Item;yes
22058;ITDAA20022009;21118;Item;yes
22760;ITDAA25054000;21120;Item;yes
21958;ITDAA25048000;21120;Item;yes
21960;ITDAA25060009;21120;Item;yes
21961;ITDAA25076000;21120;Item;yes
21962;ITDAA25089009;21120;Item;yes
22737;ITDAA30054000;30648;Item;yes
21648;ITDAA30018009;30648;Item;yes
21649;ITDAA30114000;30648;Item;yes
21963;ITDAA30022000;30648;Item;yes
21964;ITDAA30028009;30648;Item;yes
21965;ITDAA30035009;30648;Item;yes
21966;ITDAA30042009;30648;Item;yes
21967;ITDAA30048000;30648;Item;yes
21969;ITDAA30060000;30648;Item;yes
21970;ITDAA30064009;30648;Item;yes
21971;ITDAA30076009;30648;Item;yes
21972;ITDAA30089000;30648;Item;yes
22827;ITBBA09054000;30649;Item;yes
21806;ITBBA09015000;30649;Item;yes
22075;ITBBA09018000;30649;Item;yes
22076;ITBBA09022000;30649;Item;yes
22077;ITBBA09028000;30649;Item;yes
22078;ITBBA09035000;30649;Item;yes
22079;ITBBA09042000;30649;Item;yes
22080;ITBBA09048000;30649;Item;yes
22082;ITBBA09060000;30649;Item;yes
22083;ITBBA09064000;30649;Item;yes
22084;ITBBA09076000;30649;Item;yes
22085;ITBBA09089000;30649;Item;yes
22758;ITBBA13054000;31896;Item;yes
21807;ITBBA13015000;31896;Item;yes
21809;ITBBA13018000;31896;Item;yes
21811;ITBBA13114000;31896;Item;yes
22086;ITBBA13022000;31896;Item;yes
22088;ITBBA13028000;31896;Item;yes
22090;ITBBA13035000;31896;Item;yes
22092;ITBBA13042000;31896;Item;yes
22094;ITBBA13048000;31896;Item;yes
22098;ITBBA13060000;31896;Item;yes
22100;ITBBA13064000;31896;Item;yes
22101;ITBBA13076000;31896;Item;yes
22102;ITBBA13089000;31896;Item;yes
22757;ITBBA20054000;31897;Item;yes
21812;ITBBA20015000;31897;Item;yes
21813;ITBBA20018000;31897;Item;yes
21814;ITBBA20110000;31897;Item;yes
21815;ITBBA20114000;31897;Item;yes
22106;ITBBA20042000;31897;Item;yes
22107;ITBBA20048000;31897;Item;yes
22109;ITBBA20060000;31897;Item;yes
22110;ITBBA20064000;31897;Item;yes
22103;ITBBA20022000;31897;Item;yes
22111;ITBBA20076000;31897;Item;yes
22104;ITBBA20028000;31897;Item;yes
22112;ITBBA20089000;31897;Item;yes
22105;ITBBA20035000;31897;Item;yes
22764;ITBBA25054000;30650;Item;yes
21816;ITBBA25015000;30650;Item;yes
21817;ITBBA25018000;30650;Item;yes
21818;ITBBA25114000;30650;Item;yes
22113;ITBBA25022000;30650;Item;yes
22114;ITBBA25028000;30650;Item;yes
22115;ITBBA25035000;30650;Item;yes
22116;ITBBA25042000;30650;Item;yes
22117;ITBBA25048000;30650;Item;yes
22119;ITBBA25060000;30650;Item;yes
22120;ITBBA25076000;30650;Item;yes
22121;ITBBA25089000;30650;Item;yes
21654;ITDAS06015009;31906;Item;yes
21656;ITDAS06018009;31906;Item;yes
21977;ITDAS06022009;31906;Item;yes
21980;ITDAS06028009;31906;Item;yes
21982;ITDAS06035009;31906;Item;yes
21658;ITDAS09015009;31907;Item;yes
21986;ITDAS09022009;31907;Item;yes
21988;ITDAS09028009;31907;Item;yes
21990;ITDAS09035009;31907;Item;yes
21992;ITDAS09042000;31907;Item;yes
21984;ITDAS09018009;31907;Item;yes
21660;ITDAS13015009;31902;Item;yes
21662;ITDAS13018009;31902;Item;yes
21995;ITDAS13022009;31902;Item;yes
21997;ITDAS13028009;31902;Item;yes
21999;ITDAS13035000;31902;Item;yes
22001;ITDAS13042000;31902;Item;yes
22003;ITDAS20028000;21195;Item;yes
22004;ITDAS20035009;21195;Item;yes
22005;ITDAS20042000;21195;Item;yes
22006;ITDAS25028000;21197;Item;yes
21665;ITDAS26018000;31903;Item;yes
22007;ITDAS26022009;31903;Item;yes
21666;ITDAS27015009;31904;Item;yes
21695;ITDSS04018000;33009;Item;yes
21904;ITDSS04022000;33009;Item;yes
21907;ITDSS04028000;33009;Item;yes
21909;ITDSS04030000;33009;Item;yes
21910;ITDSS04035000;33009;Item;yes
21912;ITDSS04042000;33009;Item;yes
31667;ITDSS04015000;33009;Item;yes
13473;IAFSI02140100;13453;Item;yes
13472;IAFSI02114100;13453;Item;yes
13471;IAFSI02089613;13453;Item;yes
13470;IAFSI02076600;13453;Item;yes
13469;IAFSI02064613;13453;Item;yes
13468;IAFSI02060600;13453;Item;yes
13467;IAFSI02054613;13453;Item;yes
13466;IAFSI02048613;13453;Item;yes
13465;IAFSI02042613;13453;Item;yes
13464;IAFSI02035613;13453;Item;yes
13463;IAFSI02028613;13453;Item;yes
13462;IAFSI02022613;13453;Item;yes
13461;IAFSI02018600;13453;Item;yes
13460;IAFSI02015613;13453;Item;yes
13488;IAFSI04168100;13678;Item;yes
13487;IAFSI04140100;13678;Item;yes
13486;IAFSI04114100;13678;Item;yes
13485;IAFSI04089600;13678;Item;yes
13484;IAFSI04076600;13678;Item;yes
13483;IAFSI04064600;13678;Item;yes
13482;IAFSI04060600;13678;Item;yes
13481;IAFSI04054600;13678;Item;yes
13480;IAFSI04048600;13678;Item;yes
13479;IAFSI04042600;13678;Item;yes
13478;IAFSI04035609;13678;Item;yes
13477;IAFSI04028609;13678;Item;yes
13476;IAFSI04022613;13678;Item;yes
13475;IAFSI04018613;13678;Item;yes
13474;IAFSI04015613;13678;Item;yes
13502;IAFSI05168100;13679;Item;yes
13501;IAFSI05140109;13679;Item;yes
13500;IAFSI05114100;13679;Item;yes
13499;IAFSI05089600;13679;Item;yes
13498;IAFSI05076600;13679;Item;yes
13497;IAFSI05064600;13679;Item;yes
13496;IAFSI05060600;13679;Item;yes
13495;IAFSI05054600;13679;Item;yes
13494;IAFSI05048609;13679;Item;yes
13493;IAFSI05042600;13679;Item;yes
13492;IAFSI05035600;13679;Item;yes
13491;IAFSI05028609;13679;Item;yes
13490;IAFSI05022609;13679;Item;yes
13489;IAFSI05018609;13679;Item;yes
30675;IACSI13022015;24173;Item;yes
30686;IACSI13054015;24173;Item;yes
30687;IACSI13114015;24173;Item;yes
30697;IACSI13060008;24173;Item;yes
30700;IACSI13089008;24173;Item;yes
30701;IACSI13018015;24173;Item;yes
30705;IACSI13028015;24173;Item;yes
30706;IACSI13125015;24173;Item;yes
30707;IACSI13160008;24173;Item;yes
30709;IACSI13015015;24173;Item;yes
30711;IACSI13048015;24173;Item;yes
30712;IACSI13064008;24173;Item;yes
30713;IACSI13035015;24173;Item;yes
30714;IACSI13076015;24173;Item;yes
30715;IACSI13133008;24173;Item;yes
30720;IACSI13042015;24173;Item;yes
30680;IACSI19076015;24174;Item;yes
30717;IACSI19015008;24174;Item;yes
30718;IACSI19114015;24174;Item;yes
30722;IACSI19064008;24174;Item;yes
30723;IACSI19060008;24174;Item;yes
30727;IACSI19028008;24174;Item;yes
30729;IACSI19022008;24174;Item;yes
30730;IACSI19018008;24174;Item;yes
30731;IACSI19048015;24174;Item;yes
30735;IACSI19035008;24174;Item;yes
30737;IACSI19042008;24174;Item;yes
30739;IACSI19089008;24174;Item;yes
30740;IACSI19133008;24174;Item;yes
30741;IACSI19054008;24174;Item;yes
30744;IACSI19140008;24174;Item;yes
30749;IACSI19160008;24174;Item;yes
30734;IACSI25022015;24175;Item;yes
30742;IACSI25035008;24175;Item;yes
30747;IACSI25089008;24175;Item;yes
30750;IACSI25028015;24175;Item;yes
30755;IACSI25114008;24175;Item;yes
30759;IACSI25054008;24175;Item;yes
30762;IACSI25133008;24175;Item;yes
30763;IACSI25140008;24175;Item;yes
30764;IACSI25076008;24175;Item;yes
30784;IACSI25042008;24175;Item;yes
31747;IACSI25048008;24175;Item;yes
31748;IACSI25064008;24175;Item;yes
31749;IACSI25060008;24175;Item;yes
30753;IACSI32042000;24176;Item;yes
30757;IACSI32048000;24176;Item;yes
30758;IACSI32022000;24176;Item;yes
30760;IACSI32028000;24176;Item;yes
30765;IACSI32076000;24176;Item;yes
30766;IACSI32060000;24176;Item;yes
30768;IACSI32160000;24176;Item;yes
30771;IACSI32114000;24176;Item;yes
30774;IACSI32140000;24176;Item;yes
30777;IACSI32064000;24176;Item;yes
30780;IACSI32054000;24176;Item;yes
30787;IACSI32089000;24176;Item;yes
31750;IACSI32035000;24176;Item;yes
13670;IAFMD02015615;13624;Item;yes
13671;IAFMD02018600;13624;Item;yes
13672;IAFMD02022615;13624;Item;yes
13673;IAFMD02028615;13624;Item;yes
13674;IAFMD02035615;13624;Item;yes
13680;IAFMD02042615;13624;Item;yes
13681;IAFMD02054615;13624;Item;yes
13682;IAFMD02060600;13624;Item;yes
13683;IAFMD02076600;13624;Item;yes
13684;IAFMD02089615;13624;Item;yes
13685;IAFMD02114100;13624;Item;yes
23350;IAFMD02048615;13624;Item;yes
13686;IAFMD04015615;13675;Item;yes
13687;IAFMD04018615;13675;Item;yes
13688;IAFMD04022615;13675;Item;yes
13689;IAFMD04028609;13675;Item;yes
13690;IAFMD04035609;13675;Item;yes
13691;IAFMD04042600;13675;Item;yes
13692;IAFMD04048600;13675;Item;yes
13693;IAFMD04054600;13675;Item;yes
13694;IAFMD04060600;13675;Item;yes
13695;IAFMD04076600;13675;Item;yes
13696;IAFMD04089600;13675;Item;yes
13697;IAFMD04114100;13675;Item;yes
30819;IAFMD05018609;13676;Item;yes
30826;IAFMD05022609;13676;Item;yes
30827;IAFMD05035600;13676;Item;yes
30829;IAFMD05042600;13676;Item;yes
30832;IAFMD05028609;13676;Item;yes
30842;IAFMD05089600;13676;Item;yes
30843;IAFMD05114100;13676;Item;yes
30845;IAFMD05076600;13676;Item;yes
30847;IAFMD05060600;13676;Item;yes
30850;IAFMD05048609;13676;Item;yes
31756;IAFMD05054600;13676;Item;yes
13173;IFI063O9UC018BMAF2;13172;"Group classification";yes
13178;IFI063O9UC018BMA43;13172;"Group classification";yes
13179;IFI063O9UC018BMAF6;13172;"Group classification";yes
13181;IFI063OOU0018BMAF2;13180;"Group classification";yes
13182;IFI063OOU0018BMA43;13180;"Group classification";yes
13233;IFI063OOU0018BMAF6;13180;"Group classification";yes
22681;IFI071O9UC018BM013;22680;"Group classification";yes
22682;IFI071O9UC018BM019;22680;"Group classification";yes
22683;IFI071O9UC018BM025;22680;"Group classification";yes
22684;IFI071O9UC018BM032;22680;"Group classification";yes
15938;IFI071OOU0018BM013;15937;"Group classification";yes
15939;IFI071OOU0018BM019;15937;"Group classification";yes
15940;IFI071OOU0018BM025;15937;"Group classification";yes
15941;IFI071OOU0018BM032;15937;"Group classification";yes
15942;IFI071OOU0018BM040;15937;"Group classification";yes
22723;IFI074OOU0038CM013;22722;"Group classification";yes
22724;IFI074OOU0038CM019;22722;"Group classification";yes
22725;IFI074OOU0038CM025;22722;"Group classification";yes
24122;IFI076OOUC010BM013;22734;"Group classification";yes
24123;IFI076OOUC010BM019;22734;"Group classification";yes
24124;IFI076OOUC010BM025;22734;"Group classification";yes
13738;I0F011TT00010BMAF1;13737;"Group classification";yes
13789;I0F011TT00010BMAF2;13737;"Group classification";yes
13840;I0F011TT00010BMAF3;13737;"Group classification";yes
13842;I0F011TT00010BMAF4;13737;"Group classification";yes
13894;I0F011TT00010BMAF5;13737;"Group classification";yes
13947;I0F011TT00010BMAF6;13737;"Group classification";yes
13568;I0F011TT0A010BMAF1;13567;"Group classification";yes
13569;I0F011TT0A010BMAF2;13567;"Group classification";yes
13620;I0F011TT0A010BMAF3;13567;"Group classification";yes
13621;I0F011TT0A010BMAF4;13567;"Group classification";yes
13399;I0F011LL00010BMAF1;13398;"Group classification";yes
13400;I0F011LL00010BMAF2;13398;"Group classification";yes
21268;I0F014TT00010BMAF1;17663;"Group classification";yes
21269;I0F014TT00010BMAF2;17663;"Group classification";yes
21270;I0F014TT00010BMAF3;17663;"Group classification";yes
21271;I0F014TT00010BMAF4;17663;"Group classification";yes
21272;I0F014TT00010BMAF5;17663;"Group classification";yes
21273;I0F014TT00010BMAF6;17663;"Group classification";yes
21264;I0F014TT0A010BMAF1;20067;"Group classification";yes
21265;I0F014TT0A010BMAF2;20067;"Group classification";yes
21266;I0F014TT0A010BMAF3;20067;"Group classification";yes
21267;I0F014TT0A010BMAF4;20067;"Group classification";yes
21262;I0F014LL00010BMAF1;20068;"Group classification";yes
21263;I0F014LL00010BMAF2;20068;"Group classification";yes
21308;I0F341TT00020BM010;20055;"Group classification";yes
21309;I0F341TT00020BM013;20055;"Group classification";yes
21310;I0F341TT00020BM019;20055;"Group classification";yes
21311;I0F341TT00020BM025;20055;"Group classification";yes
21312;I0F341LL00020BM013;20057;"Group classification";yes
21313;I0F341LL00020BM019;20057;"Group classification";yes
21315;I0F344TT0C024WM013;21314;"Group classification";yes
24375;I0F344TT0C024WM020;21314;"Group classification";yes
24376;I0F344TT0C024WM032;21314;"Group classification";yes
24378;I0F344TT0C024BM013;24377;"Group classification";yes
24379;I0F344TT0C024BM020;24377;"Group classification";yes
24380;I0F344TT0C024BM032;24377;"Group classification";yes
21330;I0F090TT00010BM009;17671;"Group classification";yes
21328;I0F090TT00010BM013;17671;"Group classification";yes
21331;I0F090TT00010BM019;17671;"Group classification";yes
21334;I0F091TT00010BM006;17674;"Group classification";yes
21335;I0F091TT00010BM009;17674;"Group classification";yes
21333;I0F091TT00010BM013;17674;"Group classification";yes
21336;I0F091TT00010BM019;17674;"Group classification";yes
21337;I0F091TT00010BM025;17674;"Group classification";yes
24460;I0F091TT00010BM032;17674;"Group classification";yes
24461;I0F091TT00010BM040;17674;"Group classification";yes
48486;I0F091TT0A010BM009;48484;"Group classification";yes
48487;I0F091TT0A010BM013;48484;"Group classification";yes
48488;I0F091TT0A010BM019;48484;"Group classification";yes
48489;I0F091TT0A010BM025;48484;"Group classification";yes
21339;I0F091LL00010BM006;20080;"Group classification";yes
21340;I0F091LL00010BM009;20080;"Group classification";yes
21338;I0F091LL00010BM013;20080;"Group classification";yes
48491;I0F091TT0B011BM019;48490;"Group classification";yes
48492;I0F091TT0B011BM025;48490;"Group classification";yes
48493;I0F091TT0B011BM032;48490;"Group classification";yes
48494;I0F091TT0B011BM040;48490;"Group classification";yes
48496;I0F091TT0N01CBM009;48495;"Group classification";yes
48497;I0F091TT0N01CBM013;48495;"Group classification";yes
48498;I0F091TT0N01CBM019;48495;"Group classification";yes
48500;I0F091TT0N01CBM025;48495;"Group classification";yes
48501;I0F091TT0N01CBM032;48495;"Group classification";yes
21351;I0F155TT00030CM009;17853;"Group classification";yes
21352;I0F155TT00030CM013;17853;"Group classification";yes
21353;I0F155TT00030CM019;17853;"Group classification";yes
21354;I0F155TT00030CM025;17853;"Group classification";yes
21379;I0F141TT00030CM009;17780;"Group classification";yes
21380;I0F141TT00030CM013;17780;"Group classification";yes
21385;I0F142TTB003NSM009;17789;"Group classification";yes
21386;I0F144TT00010GM009;17800;"Group classification";yes
21387;I0F145TT0C01NSM009;17815;"Group classification";yes
24385;I0F566TT00010GM009;18001;"Group classification";yes
24386;I0F566TT00010GM010;18001;"Group classification";yes
24387;I0F566TT00010GM013;18001;"Group classification";yes
24388;I0F566TT00010GM019;18001;"Group classification";yes
24389;I0F566TT00010GM024;18001;"Group classification";yes
24393;I0F566TT00010GM034;18001;"Group classification";yes
24394;I0F566TT00010GM036;18001;"Group classification";yes
24395;I0F566TT00010GM044;18001;"Group classification";yes
24396;I0F566TT00010GM046;18001;"Group classification";yes
24384;I0F566LL00010GM010;24383;"Group classification";yes
24398;I0F566TT0A010GM010;24397;"Group classification";yes
24399;I0F566TT0A010GM019;24397;"Group classification";yes
24344;I0F123LLIC01VBM014;21441;"Group classification";yes
21479;I0F015TT00020BM009;20838;"Group classification";yes
21477;I0F015TT00020BM013;20838;"Group classification";yes
21478;I0F015TT00020BM019;20838;"Group classification";yes
21480;I0F015TT00020BM025;20838;"Group classification";yes
45064;I0F665LLIC01VGM019;45063;"Group classification";yes
32939;I0L578LL00040CM005;32938;"Group classification";yes
32962;I0L579LL00040CM009;32961;"Group classification";yes
31891;I0L585TT00040GM005;20517;"Group classification";yes
30643;I0L585TT00040GM009;20517;"Group classification";yes
30644;I0L585TT00040GM013;20517;"Group classification";yes
21118;I0L585TT00040GM020;20517;"Group classification";yes
21120;I0L585TT00040GM025;20517;"Group classification";yes
30648;I0L585TT00040GM030;20517;"Group classification";yes
30649;I0L587TT00040GM009;20521;"Group classification";yes
31896;I0L587TT00040GM013;20521;"Group classification";yes
31897;I0L587TT00040GM020;20521;"Group classification";yes
30650;I0L587TT00040GM025;20521;"Group classification";yes
31906;I0L593TT0C04PCM006;20527;"Group classification";yes
31907;I0L593TT0C04PCM009;20527;"Group classification";yes
31902;I0L593TT0C04PCM013;20527;"Group classification";yes
21195;I0L593TT0C04PCM020;20527;"Group classification";yes
21197;I0L593TT0C04PCM025;20527;"Group classification";yes
31903;I0L593TT0C04PCM026;20527;"Group classification";yes
31904;I0L593TT0C04PCM027;20527;"Group classification";yes
33009;I0L594LL0C044CM004;20532;"Group classification";yes
13453;ICL030TTB001ASMAF2;13677;"Group classification";yes
13678;ICL030TTB001ASMAF4;13677;"Group classification";yes
13679;ICL030TTB001ASMAF5;13677;"Group classification";yes
24173;ICL030TTB001ASM013;13677;"Group classification";yes
24174;ICL030TTB001ASM019;13677;"Group classification";yes
24175;ICL030TTB001ASM025;13677;"Group classification";yes
24176;ICL030TTB001ASM032;13677;"Group classification";yes
13624;ICL024TTB001GBMAF2;13623;"Group classification";yes
13675;ICL024TTB001GBMAF4;13623;"Group classification";yes
13676;ICL024TTB001GBMAF5;13623;"Group classification";yes
20182;IAC248UK0000000000;20090;Range;yes
20184;IAC061UP0N000W0000;20097;Range;yes
20185;IAC061UP0N000G0000;20097;Range;yes
12531;IAD081GS0P000Y0000;11646;Range;yes
15891;IAD081GS0N000Y0000;11646;Range;yes
15899;IAD110NS0N00000000;15878;Range;yes
15904;IAD131GH0P000Y0000;15880;Range;yes
15906;IAD131GH0N000Y0000;15880;Range;yes
15909;IAD156GS0N000C0000;15883;Range;yes
15910;IAD158GV0P000C0000;15884;Range;yes
15911;IAD338GS0P000Y0000;15885;Range;yes
15912;IAD338GA0000000000;15885;Range;yes
15918;ICT033RSA0EV0B0000;15456;Range;yes
15921;ICT035RSACPUOS0000;15914;Range;yes
12536;ICT038RSA001OS0000;10569;Range;yes
22175;ICT038RJA001OS0000;10569;Range;yes
15922;ICT039RSA001RB0000;15915;Range;yes
22178;ICT039RSAA01RB0000;15915;Range;yes
22184;ICT041SSAAEV0B0000;15916;Range;yes
22183;ICT041RSAAEV0B0000;15916;Range;yes
22182;ICT607SSAAEVIS0000;20243;Range;yes
22186;ICT608RSAAEV0W0000;20244;Range;yes
22189;ICT608SSAAEV0W0000;20244;Range;yes
32766;ICT134SS0C01IS0000;20245;Range;yes
32767;ICT134SSB001IS0000;20245;Range;yes
31849;ICT561SSA0EV0W0000;20126;Range;yes
13172;IFI063O9UC018B0000;9047;Range;yes
13180;IFI063OOU0018B0000;9047;Range;yes
12538;IFI063OD00018B0000;9047;Range;yes
12574;IFI066UM0CST000000;9210;Range;yes
22680;IFI071O9UC018B0000;15936;Range;yes
15937;IFI071OOU0018B0000;15936;Range;yes
22722;IFI074OOU0038C0000;20100;Range;yes
22734;IFI076OOUC010B0000;20286;Range;yes
13737;I0F011TT00010B0000;8022;Range;yes
13567;I0F011TT0A010B0000;8022;Range;yes
13398;I0F011LL00010B0000;8022;Range;yes
24265;I0F011SS00010B0000;8022;Range;yes
12838;I0F011SS0A010B0000;8022;Range;yes
12736;I0F011RS00010B0000;8022;Range;yes
12837;I0F011RS0A010B0000;8022;Range;yes
12989;I0F011EI0A010B0000;8022;Range;yes
33074;I0F011EP0A010B0000;8022;Range;yes
17663;I0F014TT00010B0000;17661;Range;yes
20067;I0F014TT0A010B0000;17661;Range;yes
20068;I0F014LL00010B0000;17661;Range;yes
27954;I0F014SS00030B0000;17661;Range;yes
20069;I0F014SS0A030B0000;17661;Range;yes
20070;I0F014RS00030B0000;17661;Range;yes
20071;I0F014RS0A030B0000;17661;Range;yes
17662;I0F014EI0A030B0000;17661;Range;yes
33075;I0F014EP0A030B0000;17661;Range;yes
20055;I0F341TT00020B0000;15449;Range;yes
20056;I0F341RS00020B0000;15449;Range;yes
20057;I0F341LL00020B0000;15449;Range;yes
24374;I0F341EI0A020B0000;15449;Range;yes
21314;I0F344TT0C024W0000;20119;Range;yes
24377;I0F344TT0C024B0000;20119;Range;yes
24381;I0F344ES0APV0W0000;20119;Range;yes
24382;I0F344ES0APV0B0000;20119;Range;yes
17671;I0F090TT00010B0000;17670;Range;yes
20078;I0F090RS00010B0000;17670;Range;yes
20079;I0F090RS0A010B0000;17670;Range;yes
25132;I0F090EI0A010B0000;17670;Range;yes
17674;I0F091TT00010B0000;17673;Range;yes
48484;I0F091TT0A010B0000;17673;Range;yes
20080;I0F091LL00010B0000;17673;Range;yes
48490;I0F091TT0B011B0000;17673;Range;yes
48495;I0F091TT0N01CB0000;17673;Range;yes
25133;I0F091RS00010B0000;17673;Range;yes
25134;I0F091RS0A010B0000;17673;Range;yes
17853;I0F155TT00030C0000;17852;Range;yes
21368;I0F155RS00030C0000;17852;Range;yes
21369;I0F155RS0A030C0000;17852;Range;yes
21370;I0F155EI0A030C0000;17852;Range;yes
17780;I0F141TT00030C0000;17733;Range;yes
17761;I0F141RS00030C0000;17733;Range;yes
17769;I0F141RS0A030C0000;17733;Range;yes
17777;I0F141EI0A030C0000;17733;Range;yes
17789;I0F142TTB003NS0000;17788;Range;yes
17794;I0F142SSB003NS0000;17788;Range;yes
17800;I0F144TT00010G0000;17799;Range;yes
17801;I0F144RS00010G0000;17799;Range;yes
17808;I0F144RS0A010G0000;17799;Range;yes
17811;I0F144EI0A010G0000;17799;Range;yes
17815;I0F145TT0C01NS0000;17814;Range;yes
17817;I0F145SSB001NS0000;17814;Range;yes
17955;I0F433RS0A010G0000;17933;Range;yes
18001;I0F566TT00010G0000;18000;Range;yes
24383;I0F566LL00010G0000;18000;Range;yes
24397;I0F566TT0A010G0000;18000;Range;yes
24402;I0F566SC00010G0000;18000;Range;yes
24403;I0F566EI0A010G0000;18000;Range;yes
24404;I0F566ES0APV0G0000;18000;Range;yes
18463;I0F140TFS0IT0B0000;18462;Range;yes
21439;I0F140RFS0IT0B0000;18462;Range;yes
21441;I0F123LLIC01VB0000;20112;Range;yes
24333;I0F123UR0000000000;20112;Range;yes
24335;I0F123UM0CCU000000;20112;Range;yes
24336;I0F123UM0CV2000000;20112;Range;yes
21443;I0F116RS00010B0000;20173;Range;yes
21444;I0F116RS0A010B0000;20173;Range;yes
21445;I0F117RS0C01IS0000;20174;Range;yes
21446;I0F117RSB001IS0000;20174;Range;yes
24129;I0F119RS00010B0000;20175;Range;yes
21447;I0F119RS0A010B0000;20175;Range;yes
24130;I0F120RS0C01IS0000;20176;Range;yes
20838;I0F015TT00020B0000;20837;Range;yes
20840;I0F015SS00020B0000;20837;Range;yes
20841;I0F015SS0A020B0000;20837;Range;yes
20842;I0F015EI0A020B0000;20837;Range;yes
45063;I0F665LLIC01VG0000;44888;Range;yes
20510;I0L576UM0C00000000;20128;Range;yes
32938;I0L578LL00040C0000;20130;Range;yes
20506;I0L578ENAA040C0000;20130;Range;yes
32961;I0L579LL00040C0000;20131;Range;yes
20507;I0L579ENB0044C0000;20131;Range;yes
20517;I0L585TT00040G0000;20136;Range;yes
20521;I0L587TT00040G0000;20138;Range;yes
20527;I0L593TT0C04PC0000;20142;Range;yes
20532;I0L594LL0C044C0000;20143;Range;yes
20538;I0L596UA0000000000;10575;Range;yes
33020;I0L596UA0F00000000;10575;Range;yes
20542;I0L599EI0A040G0000;20147;Range;yes
22365;IPR187FFSXAB0B0000;20198;Range;yes
20191;IPR188FFSPAB0W0000;20190;Range;yes
20199;IPR188FFSXAB0W0000;20190;Range;yes
22366;IPR190MFSC069W0000;20202;Range;yes
20204;IPR191FFSXCM0G0000;20203;Range;yes
20206;IPR192MFSPIT000000;20205;Range;yes
20212;IPR195MFSPIT000000;20211;Range;yes
20216;IPR198MFSPIT000000;20215;Range;yes
20218;IPR199MFSPIT000000;20217;Range;yes
20220;IPR200WFS0IT000000;20219;Range;yes
20222;IPR201WFS0IT000000;20221;Range;yes
20224;IPR202WFS0IT000000;20223;Range;yes
33049;IPR197MFSPIT000000;20235;Range;yes
32823;I0S217SSA0010B0000;15341;Range;yes
22414;I0S217SSAA010B0000;15341;Range;yes
22372;I0S208SSA0PV0B0000;20262;Range;yes
13118;I0S216SSA0010B0000;9268;Range;yes
13119;I0S216SSAA010B0000;9268;Range;yes
13677;ICL030TTB001AS0000;7955;Range;yes
20088;ICL030RS00AL0S0000;7955;Range;yes
24169;ICL030RS0C01AS0000;7955;Range;yes
12634;ICL030RSB001AS0000;7955;Range;yes
12473;ICL030PE00AL0S0000;7955;Range;yes
12479;ICL030PT00AL0S0000;7955;Range;yes
12457;ICL030ES0AAL0S0000;7955;Range;yes
13623;ICL024TTB001GB0000;20049;Range;yes
12632;ICL024SS0C01GB0000;20049;Range;yes
20150;ICL024RS00GC0B0000;20049;Range;yes
24138;ICL024UA0000000000;20049;Range;yes
24145;ICL024ES0AGA0B0000;20049;Range;yes
24167;ICL028UA00000G0000;20093;Range;yes
33061;ICL454U200000S0000;20123;Range;yes
24240;ICL454UA00000S0000;20123;Range;yes
24241;ICL454UA00000G0000;20123;Range;yes
36274;ICL222RS00PI0B0000;36273;Range;yes
